,product url,ranking,brand,product name,number of ratings,star rating,price(in dollar),color,compatible devices,connectivity technology,connector type,date first available,wifi connectivity,ethernet connectivity,usb connectivity,t-tip connectivity,charger connectivity,magnetic connectivity,barrel connector,round power connector,usb connector,t-tip connector,type c connector,magsafe connector,6-pin connector,2-pin connector,compatible with tablet,compatible with pc,compatible with security camera,compatible with TV,compatible with printer,compatible with gaming console,compatible with cellular phones,compatible with usb,compatible with flash,compatible with router,compatible with projector
0,https://www.amazon.com/all-new-fire-hd-8-tablet/dp/b099z8hlht/ref=zg_bs_g_pc_d_sccl_1/147-5900862-7338908?psc=1,#1,amazon,"amazon fire hd 8 tablet, 8” hd display, 32 gb, 30% faster processor, designed for portable entertainment, (2022 release), black",12280.0,4.5,64.99,,compatible devices data not available,connectivity technology data not available,connector type data not available,,0,0,0,0,0,0,-1,-1,-1,-1,-1,-1,-1,-1,-1,-1,-1,-1,-1,-1,-1,-1,-1,-1,-1
1,https://www.amazon.com/mac-book-pro-charger-cable%ef%bc%887-2ft/dp/b0b1hj666g/ref=zg_bs_g_pc_d_sccl_2/147-5900862-7338908?psc=1,#2,sunveza,"mac book pro charger - 118w usb c charger fast charger for usb c port macbook pro/air, ipad pro, samsung galaxy and all usb c device, include charge cable（7.2ft/2.2m）",2926.0,4.6,,white,,usb,usb type c,2022-05-17,-1,-1,1,-1,-1,-1,-1,-1,1,-1,1,-1,-1,-1,-1,-1,-1,-1,-1,-1,-1,-1,-1,-1,-1
2,https://www.amazon.com/amazon-fire-kids-tablet-top-selling/dp/b0blblrljb/ref=zg_bs_g_pc_d_sccl_3/147-5900862-7338908?psc=1,#3,amazon,"amazon fire 7 kids tablet, ages 3-7. top-selling 7"" kids tablet on amazon - 2022 | ad-free content with parental controls included, 10-hr battery, 16 gb, blue",14431.0,4.5,,,compatible devices data not available,connectivity technology data not available,connector type data not available,,0,0,0,0,0,0,-1,-1,-1,-1,-1,-1,-1,-1,-1,-1,-1,-1,-1,-1,-1,-1,-1,-1,-1
3,https://www.amazon.com/charger-computer-pavilion-elitebook-touchsmart/dp/b089t1sx32/ref=zg_bs_g_pc_d_sccl_4/147-5900862-7338908?psc=1,#4,hibbo,charger for hp laptop computer 65w 45w smart blue tip power adapter,2389.0,4.7,,black,,connectivity technology data not available,4.5 x 3.0mm blue tip,2020-06-08,0,0,0,0,0,0,-1,-1,-1,1,-1,-1,-1,-1,-1,-1,-1,-1,-1,-1,-1,-1,-1,-1,-1
4,https://www.amazon.com/wifi-6-router-gigabit-wireless/dp/b08h8zlkkk/ref=zg_bs_g_pc_d_sccl_5/147-5900862-7338908?psc=1,#5,tp-link,"tp-link ax1800 wifi 6 router (archer ax21) – dual band wireless internet router, gigabit router, easy mesh, works with alexa - a certified for humans device",17268.0,4.3,,,laptop,"wi-fi, ethernet",connector type data not available,2020-08-28,1,1,-1,-1,-1,-1,-1,-1,-1,-1,-1,-1,-1,-1,1,-1,-1,-1,-1,-1,-1,-1,-1,-1,-1
5,https://www.amazon.com/amazon_fire_hd_10/dp/b0bhzt5s12/ref=zg_bs_g_pc_d_sccl_6/147-5900862-7338908?psc=1,#6,amazon,"all-new amazon fire hd 10 tablet, built for relaxation, 10.1"" vibrant full hd screen, octa-core processor, 3 gb ram, latest model (2023 release), 32 gb, black",2059.0,4.5,,,compatible devices data not available,connectivity technology data not available,connector type data not available,,0,0,0,0,0,0,-1,-1,-1,-1,-1,-1,-1,-1,-1,-1,-1,-1,-1,-1,-1,-1,-1,-1,-1
6,https://www.amazon.com/amazon_fire_hd_10/dp/b0bl5pyd69/ref=zg_bs_g_pc_d_sccl_7/147-5900862-7338908?psc=1,#7,amazon,"all-new amazon fire hd 10 tablet, built for relaxation, 10.1"" vibrant full hd screen, octa-core processor, 3 gb ram, latest model (2023 release), 64 gb, black",2059.0,4.5,,,compatible devices data not available,connectivity technology data not available,connector type data not available,,0,0,0,0,0,0,-1,-1,-1,-1,-1,-1,-1,-1,-1,-1,-1,-1,-1,-1,-1,-1,-1,-1,-1
7,https://www.amazon.com/charger-adapter-compatible-thunderbolt-foldable/dp/b08lvd89gv/ref=zg_bs_g_pc_d_sccl_8/147-5900862-7338908?psc=1,#8,ifeart,"charger for macbook air macbook pro 13 14 15 16 inch 2023 2022 2021 2020 2019 2018, m1 m2 laptop 67w usb c power adapter, ipad, led, 6.6ft usb-c cable charging as fast as magsafe 3, original quality",2679.0,4.4,,white,,usb,usb type c,2020-11-19,-1,-1,1,-1,-1,-1,-1,-1,1,-1,1,-1,-1,-1,-1,-1,-1,-1,-1,-1,-1,-1,-1,-1,-1
8,https://www.amazon.com/amazon-fire-kids-tablet-top-selling/dp/b0blgs645w/ref=zg_bs_g_pc_d_sccl_9/147-5900862-7338908?psc=1,#9,amazon,"amazon fire hd 8 kids tablet, ages 3-7. top-selling 8"" kids tablet on amazon - 2022 | ad-free content with parental controls included, 13-hr battery, 32 gb, blue",5936.0,,,,compatible devices data not available,connectivity technology data not available,connector type data not available,,0,0,0,0,0,0,-1,-1,-1,-1,-1,-1,-1,-1,-1,-1,-1,-1,-1,-1,-1,-1,-1,-1,-1
9,https://www.amazon.com/wifi-6-mesh-system-ax3000/dp/b09prb1mzm/ref=zg_bs_g_pc_d_sccl_10/147-5900862-7338908?psc=1,#10,tp-link,"tp-link deco ax3000 wifi 6 mesh system(deco x55) - covers up to 6500 sq.ft. , replaces wireless router and extender, 3 gigabit ports per unit, supports ethernet backhaul (3-pack)",8048.0,4.5,,,"smartphone, personal computer, security camera, smart television, tablet, printer, gaming console","wi-fi, ethernet",connector type data not available,2022-01-31,1,1,-1,-1,-1,-1,-1,-1,-1,-1,-1,-1,-1,-1,1,1,1,1,1,1,-1,-1,-1,-1,-1
10,https://www.amazon.com/adapter-macbook-usb-c-reader-thunderbolt/dp/b07z4rf1d3/ref=zg_bs_g_pc_d_sccl_11/147-5900862-7338908?psc=1,#11,selore&s-global,"usb c adapter for macbook pro/macbook air m1 m2 2021 2020 2019 2018 13"" 15"" 16"", 6 in 1 usb-c hub macbook pro accessories with 3 usb 3.0 ports,usb c to sd/tf card reader and 100w thunderbolt 3 pd port",18369.0,4.3,18.98,grey,"13""/15"" /16"" macbook pro macbook air 2021/ 2020/2019/2018/2017/2016",connectivity technology data not available,connector type data not available,2019-10-15,0,0,0,0,0,0,-1,-1,-1,-1,-1,-1,-1,-1,1,-1,-1,-1,-1,-1,-1,-1,-1,-1,-1
11,https://www.amazon.com/surface-charger-microsoft-windows-support/dp/b0b4sbr4rn/ref=zg_bs_g_pc_d_sccl_12/147-5900862-7338908?psc=1,#12,marsdock,"65w laptop charger for microsoft surface 9, 8, 7+, 7, 6, 5, 4, 3, x, windows surface laptop 5, 4, 3, 2, 1 studio, surface go tablet, surface book 3, 2, 1, support 44w, 36w, led, 10ft",1673.0,4.4,,black,"tablets, laptops, cellular phones",connectivity technology data not available,magsafe,,0,0,0,0,0,0,-1,-1,-1,-1,-1,1,-1,-1,1,-1,-1,-1,-1,-1,1,-1,-1,-1,-1
12,https://www.amazon.com/dell-usb-c-laptop-charger-latitude/dp/b09ghv6g55/ref=zg_bs_g_pc_d_sccl_13/147-5900862-7338908?psc=1,#13,dell,dell 65w usb-c laptop charger for xps and latitude 5000 - power cord included,856.0,4.4,,black,dell computers,usb,usb type c,,-1,-1,1,-1,-1,-1,-1,-1,1,-1,1,-1,-1,-1,-1,1,-1,-1,-1,-1,-1,-1,-1,-1,-1
13,https://www.amazon.com/amazon-official-site-fire-hd-kids-8-pro-tablet-8-inch-display-2022-release/dp/b09bg6dsby/ref=zg_bs_g_pc_d_sccl_14/147-5900862-7338908?psc=1,#14,amazon,"amazon fire hd 8 kids pro tablet- 2022, ages 6-12 | 8"" hd screen, slim case for older kids, ad-free content, parental controls, 13-hr battery, 32 gb, hello teal",5767.0,4.5,,,compatible devices data not available,connectivity technology data not available,connector type data not available,,0,0,0,0,0,0,-1,-1,-1,-1,-1,-1,-1,-1,-1,-1,-1,-1,-1,-1,-1,-1,-1,-1,-1
14,https://www.amazon.com/multiple-splitter-laptop-extender-windows/dp/b0cn3f9y1z/ref=zg_bs_g_pc_d_sccl_15/147-5900862-7338908?psc=1,#15,acer,"acer usb hub 4 ports, multiple usb 3.0 hub, usb a splitter for laptop with usb c power port, usb extender for a port laptop, windows, linux, acer pc and more",119.0,,,black,"usb flash drives, tablets, gaming consoles, laptops, desktops",connectivity technology data not available,connector type data not available,2023-11-10,0,0,0,0,0,0,-1,-1,-1,-1,-1,-1,-1,-1,1,-1,-1,-1,-1,1,-1,1,1,-1,-1
15,https://www.amazon.com/amazon-powerful-display-octa-core-processor/dp/b0b1vq1zqy/ref=zg_bs_g_pc_d_sccl_16/147-5900862-7338908?psc=1,#16,amazon,"amazon fire max 11 tablet, vivid 11” display, all-in-one for streaming, reading, and gaming, 14-hour battery life, optional stylus and keyboard, 64 gb, gray",5093.0,,158.39,,compatible devices data not available,connectivity technology data not available,connector type data not available,,0,0,0,0,0,0,-1,-1,-1,-1,-1,-1,-1,-1,-1,-1,-1,-1,-1,-1,-1,-1,-1,-1,-1
16,https://www.amazon.com/apple-macbook-13-inch-256gb-storage/dp/b08n5lnqcx/ref=zg_bs_g_pc_d_sccl_17/147-5900862-7338908?psc=1,#17,apple,"apple 2020 macbook air laptop m1 chip, 13” retina display, 8gb ram, 256gb ssd storage, backlit keyboard, facetime hd camera, touch id. works with iphone/ipad; space gray",19303.0,4.7,689.99,,compatible devices data not available,connectivity technology data not available,connector type data not available,,0,0,0,0,0,0,-1,-1,-1,-1,-1,-1,-1,-1,-1,-1,-1,-1,-1,-1,-1,-1,-1,-1,-1
17,https://www.amazon.com/compatible-chromebook-14-ca061dx-14-ca020nr-14-ca043cl/dp/b09mry4pbs/ref=zg_bs_g_pc_d_sccl_18/147-5900862-7338908?psc=1,#18,nelebuto,"45w usb c chromebook charger replacement compatible with hp, dell, lenovo, acer, asus, samsung, google type c laptop charger, hp chromebook x360 11 13 14 14a hp spectre x360 13 elite x2 power cord",578.0,4.3,,,laptops,usb,usb,,-1,-1,1,-1,-1,-1,-1,-1,1,-1,-1,-1,-1,-1,1,-1,-1,-1,-1,-1,-1,-1,-1,-1,-1
18,https://www.amazon.com/charger-replacement-connector-adapter-2012-2017/dp/b08pkdlbz3/ref=zg_bs_g_pc_d_sccl_19/147-5900862-7338908?psc=1,#19,siliconv,mac book air charger replacement for mac air ac 45w power t-tip shape connector power adapter for 11 inch and 13 inch (between 2012-2017),4644.0,4.4,,white,samsung,t tip,t tip,,-1,-1,-1,1,-1,-1,-1,-1,-1,1,-1,-1,-1,-1,-1,-1,-1,-1,-1,-1,-1,-1,-1,-1,-1
19,https://www.amazon.com/chromebook-14-ca051wm-14-ca052wm-14-ca091wm-14-ca0061dx/dp/b0b71byjz4/ref=zg_bs_g_pc_d_sccl_20/147-5900862-7338908?psc=1,#20,decszdy,45w usb-c chromebook charger for hp chromebook x360 14 14-ca051wm 14-ca052wm 14-ca091wm ca061dx 14-ca0061dx 14-ca060nr 14-ca020nr 14-ca043cl usb c power supply adapter,604.0,4.6,,,laptops,usb,usb,2022-07-19,-1,-1,1,-1,-1,-1,-1,-1,1,-1,-1,-1,-1,-1,1,-1,-1,-1,-1,-1,-1,-1,-1,-1,-1
20,https://www.amazon.com/ideapad-charger-adapter-330s-14-330s-15/dp/b07v3jyvqh/ref=zg_bs_g_pc_d_sccl_21/147-5900862-7338908?psc=1,#21,ostrich,"charger for lenovo laptop computer 65w 45w round tip power supply ac adapter for lenovo ideapad 330-14, 330-15, 330-17, 510-15, 330s-14, 330s-15 lenovo flex 6-14 laptop charger",6581.0,4.4,,,,connectivity technology data not available,barrel connector,2019-07-10,0,0,0,0,0,0,-1,-1,-1,-1,-1,-1,-1,-1,-1,-1,-1,-1,-1,-1,-1,-1,-1,-1,-1
21,https://www.amazon.com/sightpro-magnetic-privacy-anti-glare-protector/dp/b07wdds8lx/ref=zg_bs_g_pc_d_sccl_22/147-5900862-7338908?psc=1,#22,sightpro,"sightpro magnetic privacy screen for macbook pro 13 inch (2016, 2017, 2018, 2019, 2020, 2021, 2022, m1, m2) removable laptop privacy filter shield and anti-glare protector",2950.0,4.4,29.99,,laptop,connectivity technology data not available,connector type data not available,2019-09-23,0,0,0,0,0,0,-1,-1,-1,-1,-1,-1,-1,-1,1,-1,-1,-1,-1,-1,-1,-1,-1,-1,-1
22,https://www.amazon.com/siliconv-charger-replacement-magnetic-connector/dp/b08jphhv61/ref=zg_bs_g_pc_d_sccl_23/147-5900862-7338908?psc=1,#23,siliconv,"mac book pro charger replacement for mac pro 13-inch 2012-2016 retina display ac 60w 2 t connector power adapter, laptop charger compatible with mac air（late 2012-2017）",3772.0,4.4,,,samsung,t-tip,t tip,,-1,-1,-1,1,-1,-1,-1,-1,-1,1,-1,-1,-1,-1,-1,-1,-1,-1,-1,-1,-1,-1,-1,-1,-1
23,https://www.amazon.com/amazon-fire-kids-tablet-top-selling/dp/b0c8c2nzmq/ref=zg_bs_g_pc_d_sccl_24/147-5900862-7338908?psc=1,#24,amazon,"amazon fire 7 kids tablet, ages 3-7. top-selling 7"" kids tablet on amazon - 2022 | 6-months of ad-free content with parental controls included, 10-hr battery, 16 gb, blue",14431.0,4.5,,,compatible devices data not available,connectivity technology data not available,connector type data not available,,0,0,0,0,0,0,-1,-1,-1,-1,-1,-1,-1,-1,-1,-1,-1,-1,-1,-1,-1,-1,-1,-1,-1
24,https://www.amazon.com/fire-7-tablet/dp/b096wkkk2k/ref=zg_bs_g_pc_d_sccl_25/147-5900862-7338908?psc=1,#25,amazon,"amazon fire 7 tablet, 7” display, read and watch, under $60 with 10-hour battery life, (2022 release), 16 gb, black",13972.0,4.5,,,compatible devices data not available,connectivity technology data not available,connector type data not available,,0,0,0,0,0,0,-1,-1,-1,-1,-1,-1,-1,-1,-1,-1,-1,-1,-1,-1,-1,-1,-1,-1,-1
25,https://www.amazon.com/usb-c-charger-lenovo-laptop-65w/dp/b07bkxmbhj/ref=zg_bs_g_pc_d_sccl_26/147-5900862-7338908?psc=1,#26,superer,"charger for lenovo laptop, thinkpad, yoga, usb c, 65w 45w (ul safety certified)",990.0,4.4,,,65w lenovo laptop charger,usb,usb type c,2017-01-01,-1,-1,1,-1,-1,-1,-1,-1,1,-1,1,-1,-1,-1,-1,-1,-1,-1,-1,-1,-1,-1,-1,-1,-1
26,https://www.amazon.com/dell-display-docking-station-d3100/dp/b00o0m46ko/ref=zg_bs_g_pc_d_sccl_27/147-5900862-7338908?psc=1,#27,dell,"dell usb 3.0 ultra hd/4k triple display docking station (d3100), black",10244.0,4.3,,black,dell notebooks/ tablet pc,connectivity technology data not available,connector type data not available,,0,0,0,0,0,0,-1,-1,-1,-1,-1,-1,-1,-1,1,1,-1,-1,-1,-1,-1,-1,-1,-1,-1
27,https://www.amazon.com/ideapad-laptop-charger-lenovo-adapter/dp/b08x4m4lbr/ref=zg_bs_g_pc_d_sccl_28/147-5900862-7338908?psc=1,#28,superer,"charger for lenovo laptop charger - 65w 45w, (ul safety certified)",3243.0,4.4,,,lenovo laptop charger 65w,wired,round power connector,,-1,-1,-1,-1,-1,-1,-1,1,-1,-1,-1,-1,-1,-1,-1,-1,-1,-1,-1,-1,-1,-1,-1,-1,-1
28,https://www.amazon.com/arris-surfboard-s33-multi-gigabit-ethernet/dp/b08fmsc5wz/ref=zg_bs_g_pc_d_sccl_29/147-5900862-7338908?psc=1,#29,arris,"arris surfboard s33 docsis 3.1 multi-gigabit cable modem | approved for comcast xfinity, cox, spectrum & more | 1 & 2.5 gbps ports | 2.5 gbps max internet speeds | 4 ofdm channels | 2 year warranty",3131.0,,,,"personal computer, router, ethernet connected devices",ethernet,connector type data not available,2020-10-04,-1,1,-1,-1,-1,-1,-1,-1,-1,-1,-1,-1,-1,-1,-1,1,-1,-1,-1,-1,-1,-1,-1,1,-1
29,https://www.amazon.com/apple-96w-usb-c-power-adapter/dp/b081fvqchq/ref=zg_bs_g_pc_d_sccl_30/147-5900862-7338908?psc=1,#30,apple,apple 96w usb-c power adapter,2034.0,,41.39,white,,usb,usb type c,,-1,-1,1,-1,-1,-1,-1,-1,1,-1,1,-1,-1,-1,-1,-1,-1,-1,-1,-1,-1,-1,-1,-1,-1
30,https://www.amazon.com/mac-book-pro-charger-compatible/dp/b097ptbb5v/ref=zg_bs_g_pc_d_sccl_31/147-5900862-7338908?psc=1,#31,ixcv,"mac book pro charger - 118w usb c charger fast charger compatible with macbook pro/air, ipad pro, samsung galaxy, and more usb-c devices(7.2 ft cable included)",7773.0,4.6,,white,,usb,usb type c,2021-07-03,-1,-1,1,-1,-1,-1,-1,-1,1,-1,1,-1,-1,-1,-1,-1,-1,-1,-1,-1,-1,-1,-1,-1,-1
31,https://www.amazon.com/eero-6-extender/dp/b085vqvpjk/ref=zg_bs_g_pc_d_sccl_32/147-5900862-7338908?psc=1,#32,brand data not available,amazon eero 6 dual-band mesh wi-fi 6 extender - expands existing eero network,5230.0,,,,compatible devices data not available,connectivity technology data not available,connector type data not available,,0,0,0,0,0,0,-1,-1,-1,-1,-1,-1,-1,-1,-1,-1,-1,-1,-1,-1,-1,-1,-1,-1,-1
32,https://www.amazon.com/aluminum-extender-splitter-macbook-devices/dp/b0c9d6pdmt/ref=zg_bs_g_pc_d_sccl_33/147-5900862-7338908?psc=1,#33,vienon,"vienon aluminum 7 in 1 usb c hub with usb 3.0, usb 2.0 ports for macbook pro air and more devices",319.0,4.6,,silver,"mac pro, imac, ipad pro, chromebook, pixelbook, dell xps, samsung, and more pc, laptop, tablet",connectivity technology data not available,connector type data not available,2023-06-26,0,0,0,0,0,0,-1,-1,-1,-1,-1,-1,-1,-1,1,1,-1,-1,-1,-1,-1,-1,-1,-1,-1
33,https://www.amazon.com/nspencm-charger-replacement-connector-compatible/dp/b09bvkywj5/ref=zg_bs_g_pc_d_sccl_34/147-5900862-7338908?psc=1,#34,nspencm,"nspencm 85w mac book pro charger, replacement ac 2t-tip connector power adapter,laptop charger compatible with mac book air 13 inch-15 inch retina after mid 2012",3365.0,4.6,,white,,powerline,t-type,,-1,-1,-1,-1,1,-1,-1,-1,-1,1,-1,-1,-1,-1,-1,-1,-1,-1,-1,-1,-1,-1,-1,-1,-1
34,https://www.amazon.com/apple-desktop-computer-10%e2%80%91core-ethernet/dp/b0bshghgxr/ref=zg_bs_g_pc_d_sccl_35/147-5900862-7338908?psc=1,#35,apple,"apple 2023 mac mini desktop computer m2 chip with 8‑core cpu and 10‑core gpu, 8gb unified memory, 256gb ssd storage, gigabit ethernet. works with iphone/ipad",663.0,4.7,502.04,silver,compatible devices data not available,connectivity technology data not available,connector type data not available,,0,0,0,0,0,0,-1,-1,-1,-1,-1,-1,-1,-1,-1,-1,-1,-1,-1,-1,-1,-1,-1,-1,-1
35,https://www.amazon.com/universal-laptop-charger-laptops-chargeable/dp/b09688vryz/ref=zg_bs_g_pc_d_sccl_36/147-5900862-7338908?psc=1,#36,sle-tech,"universal chromebook charger usb c for hp 65w 45w usb-c laptop charger,replacement for lenovo thinkpad/yoga,dell chromebook 3100,latitude 5420,asus,samsung,acer,google series type c power cord",1958.0,4.4,,black,"pc, laptops",usb,usb type c,,-1,-1,1,-1,-1,-1,-1,-1,1,-1,1,-1,-1,-1,1,1,-1,-1,-1,-1,-1,-1,-1,-1,-1
36,https://www.amazon.com/amazon_fire_hd_10_kids_pro/dp/b0bl6dcngr/ref=zg_bs_g_pc_d_sccl_37/147-5900862-7338908?psc=1,#37,amazon,"all-new amazon fire hd 10 kids pro tablet- 2023, ages 6-12 | bright 10.1"" hd screen | slim case for older kids, ad-free content, parental controls, 13-hr battery, 32 gb, nebula",617.0,4.5,,,compatible devices data not available,connectivity technology data not available,connector type data not available,,0,0,0,0,0,0,-1,-1,-1,-1,-1,-1,-1,-1,-1,-1,-1,-1,-1,-1,-1,-1,-1,-1,-1
37,https://www.amazon.com/mac-book-pro-charger-macbook/dp/b09gfr7nsk/ref=zg_bs_g_pc_d_sccl_38/147-5900862-7338908?psc=1,#38,furgor,"mac book pro charger - 118w usb c charger fast charger for macbook air, ipad pro, samsung galaxy and all usb-c devices, 7.2ft usb c to c cable",3602.0,4.6,,white,,usb,usb type c,2021-09-16,-1,-1,1,-1,-1,-1,-1,-1,1,-1,1,-1,-1,-1,-1,-1,-1,-1,-1,-1,-1,-1,-1,-1,-1
38,https://www.amazon.com/amazon-fire-kids-tablet-top-selling/dp/b0c8bz7qg7/ref=zg_bs_g_pc_d_sccl_39/147-5900862-7338908?psc=1,#39,amazon,"amazon fire 7 kids tablet, ages 3-7. top-selling 7"" kids tablet on amazon - 2022 | 6-months ad-free content with parental controls included, 10-hr battery, 16 gb, purple",14431.0,4.5,,,compatible devices data not available,connectivity technology data not available,connector type data not available,,0,0,0,0,0,0,-1,-1,-1,-1,-1,-1,-1,-1,-1,-1,-1,-1,-1,-1,-1,-1,-1,-1,-1
39,https://www.amazon.com/motivational-waterproof-hydroflasks-computers-employees/dp/b091pptzb6/ref=zg_bs_g_pc_d_sccl_40/147-5900862-7338908?psc=1,#40,yomela,"quote stickers, positive stickers 200pcs motivational waterproof vinyl stickers for water bottle hydroflasks laptops computers phone for women adults students teachers employees",1894.0,4.6,,,compatible devices data not available,connectivity technology data not available,connector type data not available,2021-04-05,0,0,0,0,0,0,-1,-1,-1,-1,-1,-1,-1,-1,-1,-1,-1,-1,-1,-1,-1,-1,-1,-1,-1
40,https://www.amazon.com/amazon_fire_hd_10/dp/b0bl5xpdr6/ref=zg_bs_g_pc_d_sccl_41/147-5900862-7338908?psc=1,#41,amazon,"all-new amazon fire hd 10 tablet, built for relaxation, 10.1"" vibrant full hd screen, octa-core processor, 3 gb ram, latest model (2023 release), 32 gb, ocean",2059.0,4.5,,,compatible devices data not available,connectivity technology data not available,connector type data not available,,0,0,0,0,0,0,-1,-1,-1,-1,-1,-1,-1,-1,-1,-1,-1,-1,-1,-1,-1,-1,-1,-1,-1
41,https://www.amazon.com/docking-station-monitor-1000mbps-multiport/dp/b0b1pt5fvm/ref=zg_bs_g_pc_d_sccl_42/147-5900862-7338908?psc=1,#42,baseus,"baseus laptop docking station dual monitor 4k@120hz, 9 in 1 usb c hub with 2 hdmi, 1000mbps lan, 100w pd, 3 usb, sd card reader, usb c dock compatible with iphone 15/mac/dell/hp/surface/steam deck…",1421.0,4.3,34.44,grey,,connectivity technology data not available,connector type data not available,2022-05-19,0,0,0,0,0,0,-1,-1,-1,-1,-1,-1,-1,-1,-1,-1,-1,-1,-1,-1,-1,-1,-1,-1,-1
42,https://www.amazon.com/replacement-adlx65ydc2a-adlx65ylc2d-adlx65ydc3a-adlx65ydc2d/dp/b08r67qltm/ref=zg_bs_g_pc_d_sccl_43/147-5900862-7338908?psc=1,#43,dzytnsy,usb-c 65w 45w ac replacement charger fit for lenovo thinkpad t480 t490 t580 adlx65ydc2a adlx65ylc2d adlx65ydc3a adlx65ydc2d chromebook 2nd gen s330 65w laptop power supply adapter cord,1146.0,4.4,20.59,black,laptops,usb,usb type c,,-1,-1,1,-1,-1,-1,-1,-1,1,-1,1,-1,-1,-1,1,-1,-1,-1,-1,-1,-1,-1,-1,-1,-1
43,https://www.amazon.com/arris-surfboard-approved-sb8200-frustration/dp/b07dy16w2z/ref=zg_bs_g_pc_d_sccl_44/147-5900862-7338908?psc=1,#44,arris,"arris surfboard sb8200 docsis 3.1 cable modem , approved for comcast xfinity, cox, charter spectrum, & more , two 1 gbps ports , 1 gbps max internet speeds , 4 ofdm channels",18068.0,4.3,,,router,ethernet,connector type data not available,,-1,1,-1,-1,-1,-1,-1,-1,-1,-1,-1,-1,-1,-1,-1,-1,-1,-1,-1,-1,-1,-1,-1,1,-1
44,https://www.amazon.com/amazon_fire_hd_10_kids/dp/b0bl5sz3vv/ref=zg_bs_g_pc_d_sccl_45/147-5900862-7338908?psc=1,#45,amazon,"all-new amazon fire 10 kids tablet- 2023, ages 3-7 | bright 10.1"" hd screen with ad-free content and parental controls included, 13-hr battery, 32 gb, blue",602.0,4.5,,,compatible devices data not available,connectivity technology data not available,connector type data not available,,0,0,0,0,0,0,-1,-1,-1,-1,-1,-1,-1,-1,-1,-1,-1,-1,-1,-1,-1,-1,-1,-1,-1
45,https://www.amazon.com/hv-f2056-15-6-17-laptop-cooler-cooling/dp/b00nnmb3ks/ref=zg_bs_g_pc_d_sccl_46/147-5900862-7338908?psc=1,#46,havit,"havit hv-f2056 15.6""-17"" laptop cooler cooling pad - slim portable usb powered (3 fans), black/blue",39919.0,4.3,26.26,black,compatible devices data not available,connectivity technology data not available,connector type data not available,2014-09-17,0,0,0,0,0,0,-1,-1,-1,-1,-1,-1,-1,-1,-1,-1,-1,-1,-1,-1,-1,-1,-1,-1,-1
46,https://www.amazon.com/amazon_fire_hd_10/dp/b0bl5wz6hf/ref=zg_bs_g_pc_d_sccl_47/147-5900862-7338908?psc=1,#47,amazon,"all-new amazon fire hd 10 tablet, built for relaxation, 10.1"" vibrant full hd screen, octa-core processor, 3 gb ram, latest model (2023 release), 32 gb, lilac",2059.0,4.5,,,compatible devices data not available,connectivity technology data not available,connector type data not available,,0,0,0,0,0,0,-1,-1,-1,-1,-1,-1,-1,-1,-1,-1,-1,-1,-1,-1,-1,-1,-1,-1,-1
47,https://www.amazon.com/tp-link-ac1200-router-archer-a54/dp/b09g5y1hwz/ref=zg_bs_g_pc_d_sccl_48/147-5900862-7338908?psc=1,#48,tp-link,"tp-link ac1200 wifi router (archer a54) - dual band wireless internet router, 4 x 10/100 mbps fast ethernet ports, supports guest wifi, access point mode, ipv6 and parental controls",10817.0,4.3,,,"laptop, gaming console, personal computer, tablet","wi-fi, ethernet",connector type data not available,,1,1,-1,-1,-1,-1,-1,-1,-1,-1,-1,-1,-1,-1,1,1,-1,-1,-1,1,-1,-1,-1,-1,-1
48,https://www.amazon.com/tp-link-deco-replacement-s4-3-pack/dp/b084gth5ll/ref=zg_bs_g_pc_d_sccl_49/147-5900862-7338908?psc=1,#49,tp-link,"tp-link deco mesh wifi system (deco s4) – up to 5,500 sq.ft. coverage, replaces wifi router and extender, gigabit ports, works with alexa, 3-pack",26951.0,4.3,,,all wifi enabled devices,"wi-fi, ethernet",connector type data not available,2020-02-21,1,1,-1,-1,-1,-1,-1,-1,-1,-1,-1,-1,-1,-1,-1,-1,-1,-1,-1,-1,-1,-1,-1,1,-1
49,https://www.amazon.com/stickers-aesthetic-waterproof-hydroflask-skateboard/dp/b0bd2zx7h6/ref=zg_bs_g_pc_d_sccl_50/147-5900862-7338908?psc=1,#50,generic,"50 cartoon stickers colorful aesthetic vsco vinyl/pvc waterproof decals for water bottle, hydroflask, guitar, luggage, phone, case, laptop, skateboard, gift for kids, teens, boys and girls (blue)",900.0,,,multicolor,compatible devices data not available,connectivity technology data not available,connector type data not available,2022-09-05,0,0,0,0,0,0,-1,-1,-1,-1,-1,-1,-1,-1,-1,-1,-1,-1,-1,-1,-1,-1,-1,-1,-1
50,https://www.amazon.com/amazon_fire_hd_10/dp/b0cd1c2wb1/ref=zg_bs_g_pc_d_sccl_1/147-5900862-7338908?psc=1,#51,amazon,"all-new amazon fire hd 10 tablet, built for relaxation, 10.1"" vibrant full hd screen, octa-core processor, 3 gb ram, latest model (2023 release), 64 gb, black, without lockscreen ads",2059.0,4.5,119.99,,compatible devices data not available,connectivity technology data not available,connector type data not available,,0,0,0,0,0,0,-1,-1,-1,-1,-1,-1,-1,-1,-1,-1,-1,-1,-1,-1,-1,-1,-1,-1,-1
51,https://www.amazon.com/tearplex-pd-96w-charger/dp/b08ryxfqdt/ref=zg_bs_g_pc_d_sccl_2/147-5900862-7338908?psc=1,#52,tearplex,"mac book pro charger - 96w usb c charger fast charger for usb c port macbook pro & macbook air, ipad pro, samsung galaxy and all usb c device, 6.6 ft usb c to usb c cable included",1503.0,4.5,,white,,charger,usb type c,2021-01-04,-1,-1,-1,-1,1,-1,-1,-1,1,-1,1,-1,-1,-1,-1,-1,-1,-1,-1,-1,-1,-1,-1,-1,-1
52,https://www.amazon.com/charger-compatible-laptop-chromebook-latitude/dp/b0brkgymv1/ref=zg_bs_g_pc_d_sccl_3/147-5900862-7338908?psc=1,#53,gklspl,"universal chromebook charger usb c for dell 65w 45w usb c laptop charger,chromebook 3100,latitude 5420,xps series,asus,samsung,acer,google series type c power cord",324.0,4.4,,black,,usb,usb type c,2023-08-22,-1,-1,1,-1,-1,-1,-1,-1,1,-1,1,-1,-1,-1,-1,-1,-1,-1,-1,-1,-1,-1,-1,-1,-1
53,https://www.amazon.com/charger-laptop-computer-power-adapter/dp/b087cqctp8/ref=zg_bs_g_pc_d_sccl_4/147-5900862-7338908?psc=1,#54,hibbo,charger for hp laptop computer 65w 45w usb c fast power adapter,2365.0,4.7,,,,usb,usb type c,2020-04-21,-1,-1,1,-1,-1,-1,-1,-1,1,-1,1,-1,-1,-1,-1,-1,-1,-1,-1,-1,-1,-1,-1,-1,-1
54,https://www.amazon.com/eero-reliable-gigabit-connect-coverage/dp/b08zk2bhp2/ref=zg_bs_g_pc_d_sccl_5/147-5900862-7338908?psc=1,#55,brand data not available,"amazon eero 6+ mesh wi-fi system | fast and reliable gigabit speeds | connect 75+ devices | coverage up to 4,500 sq. ft. | 3-pack, 2022 release",6122.0,4.4,,,compatible devices data not available,connectivity technology data not available,connector type data not available,,0,0,0,0,0,0,-1,-1,-1,-1,-1,-1,-1,-1,-1,-1,-1,-1,-1,-1,-1,-1,-1,-1,-1
55,https://www.amazon.com/charger-replacement-adapter-charging-11-inch/dp/b0b38f3739/ref=zg_bs_g_pc_d_sccl_6/147-5900862-7338908?psc=1,#56,e-powind,"mac book air charger, replacement ac 45w t-tip power adapter laptop charger for mac book air 11-inch and 13-inch",1555.0,4.5,,,laptops,connectivity technology data not available,6-pin,2022-06-06,0,0,0,0,0,0,-1,-1,-1,-1,-1,-1,1,-1,1,-1,-1,-1,-1,-1,-1,-1,-1,-1,-1
56,https://www.amazon.com/surface-charger-laptop-microsoft-studio/dp/b0c23wy7dm/ref=zg_bs_g_pc_d_sccl_7/147-5900862-7338908?psc=1,#57,yurcipwe,"surface pro charger 65w, surface laptop charger for microsoft surface pro 9/8/7+/7/6/5/4/3/x, surface laptop 5/4/3/2/1/studio, surface book 2/1, surface go 3/2/1 with 8.8ft power cord",378.0,4.6,,black,laptops,usb,usb,2023-04-11,-1,-1,1,-1,-1,-1,-1,-1,1,-1,-1,-1,-1,-1,1,-1,-1,-1,-1,-1,-1,-1,-1,-1,-1
57,https://www.amazon.com/charger-supply-adapter-convertible-ultrabook/dp/b01lxnlc7m/ref=zg_bs_g_pc_d_sccl_8/147-5900862-7338908?psc=1,#58,nicpower,"charger for lenovo thinkpad, laptop (ul certified safety), yoga, 65w, 45w, usb c fast charger",3045.0,4.4,14.28,black,lenovo laptop charger 65w,usb,usb type c,2016-05-02,-1,-1,1,-1,-1,-1,-1,-1,1,-1,1,-1,-1,-1,-1,-1,-1,-1,-1,-1,-1,-1,-1,-1,-1
58,https://www.amazon.com/charger-ux360c-ux330u-notebook-adapter/dp/b07vqgzllg/ref=zg_bs_g_pc_d_sccl_9/147-5900862-7338908?psc=1,#59,superer,"laptop charger for asus, (ul safety certified), round connector, 65w, 45w, 33w",3222.0,4.4,,black,65w asus laptop charger,connectivity technology data not available,round power connector,2019-02-01,0,0,0,0,0,0,-1,1,-1,-1,-1,-1,-1,-1,-1,-1,-1,-1,-1,-1,-1,-1,-1,-1,-1
59,https://www.amazon.com/50-waterproof-stickers-skateboard-computer/dp/b0cjxf6ykx/ref=zg_bs_g_pc_d_sccl_10/147-5900862-7338908?psc=1,#60,utqrohj,"50 pcs cartoon anime waterproof stickers for skateboard laptop computer water bottles vinyl waterproof cute stickers,teen kid child student stickers",129.0,,,blue,compatible devices data not available,connectivity technology data not available,connector type data not available,2023-09-27,0,0,0,0,0,0,-1,-1,-1,-1,-1,-1,-1,-1,-1,-1,-1,-1,-1,-1,-1,-1,-1,-1,-1
60,https://www.amazon.com/hp-14-laptop-dual-core-processor/dp/b09vrx9yvw/ref=zg_bs_g_pc_d_sccl_11/147-5900862-7338908?psc=1,#61,hp,"hp newest 14"" hd laptop, windows 11, intel celeron dual-core processor up to 2.60ghz, 4gb ram, 64gb ssd, webcam, dale pink(renewed) (dale pink)",1633.0,4.5,179.99,pink,compatible devices data not available,connectivity technology data not available,connector type data not available,2022-03-16,0,0,0,0,0,0,-1,-1,-1,-1,-1,-1,-1,-1,-1,-1,-1,-1,-1,-1,-1,-1,-1,-1,-1
61,https://www.amazon.com/tp-link-wifi-ax3000-smart-router/dp/b09g5w9r6r/ref=zg_bs_g_pc_d_sccl_12/147-5900862-7338908?psc=1,#62,tp-link,"tp-link ax3000 wifi 6 router – 802.11ax wireless, gigabit, dual band internet, vpn router, onemesh compatible (archer ax55)",5827.0,4.3,,black,router,wi-fi,connector type data not available,2021-10-11,1,-1,-1,-1,-1,-1,-1,-1,-1,-1,-1,-1,-1,-1,-1,-1,-1,-1,-1,-1,-1,-1,-1,1,-1
62,https://www.amazon.com/a315-24p-r7vh-display-quad-core-processor-graphics/dp/b0bs4bp8fb/ref=zg_bs_g_pc_d_sccl_13/147-5900862-7338908?psc=1,#63,acer,"acer aspire 3 a315-24p-r7vh slim laptop | 15.6"" full hd ips display | amd ryzen 3 7320u quad-core processor | amd radeon graphics | 8gb lpddr5 | 128gb nvme ssd | wi-fi 6 | windows 11 home in s mode",37399.0,5.0,,silver,compatible devices data not available,connectivity technology data not available,connector type data not available,2023-01-31,0,0,0,0,0,0,-1,-1,-1,-1,-1,-1,-1,-1,-1,-1,-1,-1,-1,-1,-1,-1,-1,-1,-1
63,https://www.amazon.com/15-f111dx-15-f211wm-15-f233wm-15-f278nr-15-r052nr/dp/b08zsfs4j6/ref=zg_bs_g_pc_d_sccl_14/147-5900862-7338908?psc=1,#64,dongni,"65w 19.5v 3.33a ac adapter for hp pavilion x360 11 13 15, zbook 14u g4 g5 15u 15 g3, 15-f111dx 15-f211wm 15-f233wm 15-f278nr 15-r052nr 15-r132wm power supply blue tip",3448.0,4.7,11.61,black,,connectivity technology data not available,4.5 x 3.0mm blue tip,,0,0,0,0,0,0,-1,-1,-1,1,-1,-1,-1,-1,-1,-1,-1,-1,-1,-1,-1,-1,-1,-1,-1
64,https://www.amazon.com/cakolink-aesthetic-stickers-waterproof-computer/dp/b09nc734fv/ref=zg_bs_g_pc_d_sccl_15/147-5900862-7338908?psc=1,#65,cakolink,"cakolink vintage aesthetic stickers 50 pcs, vinyl waterproof stickers for water bottles laptop phone computer guitar (1)",1684.0,4.5,,,compatible devices data not available,connectivity technology data not available,connector type data not available,2021-12-10,0,0,0,0,0,0,-1,-1,-1,-1,-1,-1,-1,-1,-1,-1,-1,-1,-1,-1,-1,-1,-1,-1,-1
65,https://www.amazon.com/15-f272wm-15-f387wm-15-f233wm-15-f222wm-15-f211wm/dp/b07h4gkhj1/ref=zg_bs_g_pc_d_sccl_16/147-5900862-7338908?psc=1,#66,tskybear,45w 19.5v 2.31a ac adapter laptop charger for hp pavilion x360 charger 15-f272wm 15-f387wm 15-f233wm 15-f222wm 15-f211wm 15-f337wm 17-g121wm 17-g119dx laptop notebook power supply cord plug,8055.0,4.7,14.56,black,"for hp pavilion charger, for hp charger for laptop, for hp computer charger, for hp laptop charger",connectivity technology data not available,2-pin,2018-09-06,0,0,0,0,0,0,-1,-1,-1,-1,-1,-1,-1,1,-1,1,-1,-1,-1,-1,-1,-1,-1,-1,-1
66,https://www.amazon.com/charger-thinkpad-chromebook-100e-ideapad/dp/b088t52kzd/ref=zg_bs_g_pc_d_sccl_17/147-5900862-7338908?psc=1,#67,hibbo,charger for lenovo laptop computer 65w 45w usb c fast power adapter,2249.0,4.6,,,"lenovo chromebook charger, lenovo laptop charger usb c, laptops, lenovo thinkpad charger",usb,usb type c,2020-05-19,-1,-1,1,-1,-1,-1,-1,-1,1,-1,1,-1,-1,-1,-1,-1,-1,-1,-1,-1,-1,1,-1,-1,-1
67,https://www.amazon.com/compatible-15-f111dx-15-f211wm-15-f233wm-15-f278nr/dp/b09w565tw2/ref=zg_bs_g_pc_d_sccl_18/147-5900862-7338908?psc=1,#68,roayewey,"45w 19.5v 2.31a for hp laptop charger blue tip, hp pavilion x360 11 13 15, zbook 14u g4 g5 15u 15 g3, 15-f111dx 15-f211wm 15-f233wm 15-f278nr 15-r052nr 15-r132wm with power cord",1489.0,4.7,,black,laptops,connectivity technology data not available,barrel connector,2022-03-22,0,0,0,0,0,0,-1,-1,-1,-1,-1,-1,-1,-1,1,-1,-1,-1,-1,-1,-1,-1,-1,-1,-1
68,https://www.amazon.com/hp-notebook-touchscreen-i3-1115g4-processor/dp/b0bz8x9hgt/ref=zg_bs_g_pc_d_sccl_19/147-5900862-7338908?psc=1,#69,hp,"hp notebook laptop, 15.6"" hd touchscreen, intel core i3-1115g4 processor, 32gb ram, 1tb pcie ssd, webcam, type-c, hdmi, sd card reader, wi-fi, windows 11 home, silver",526.0,4.5,,silver,compatible devices data not available,connectivity technology data not available,connector type data not available,2023-03-22,0,0,0,0,0,0,-1,-1,-1,-1,-1,-1,-1,-1,-1,-1,-1,-1,-1,-1,-1,-1,-1,-1,-1
69,https://www.amazon.com/tp-link-tri-band-archer-axe75-wireless/dp/b0b3sqk74l/ref=zg_bs_g_pc_d_sccl_20/147-5900862-7338908?psc=1,#70,tp-link,"tp-link axe5400 tri-band wifi 6e router (archer axe75)- gigabit wireless internet, ax router for gaming, vpn router, onemesh, wpa3",1642.0,4.3,,black,,"wi-fi, usb, ethernet",connector type data not available,2022-06-16,1,1,1,-1,-1,-1,-1,-1,-1,-1,-1,-1,-1,-1,-1,-1,-1,-1,-1,-1,-1,-1,-1,-1,-1
70,https://www.amazon.com/eero-reliable-gigabit-connect-coverage/dp/b091g64gvk/ref=zg_bs_g_pc_d_sccl_21/147-5900862-7338908?psc=1,#71,brand data not available,"amazon eero pro 6e mesh wi-fi system | fast and reliable gigabit + speeds | supports blazing fast gaming | coverage up to 6,000 sq. ft. | 3-pack, 2022 release",3954.0,4.3,,,compatible devices data not available,connectivity technology data not available,connector type data not available,,0,0,0,0,0,0,-1,-1,-1,-1,-1,-1,-1,-1,-1,-1,-1,-1,-1,-1,-1,-1,-1,-1,-1
71,https://www.amazon.com/qquk-stickers-waterproof-skateboard-hypebeast/dp/b0c58gq5lr/ref=zg_bs_g_pc_d_sccl_22/147-5900862-7338908?psc=1,#72,qquk,qquk 106pcs random stickers pack adults teens kids waterproof sticker decals for skateboard helmet laptop bicycle hypebeast bomb stickers,170.0,,,,compatible devices data not available,connectivity technology data not available,connector type data not available,2023-05-15,0,0,0,0,0,0,-1,-1,-1,-1,-1,-1,-1,-1,-1,-1,-1,-1,-1,-1,-1,-1,-1,-1,-1
72,https://www.amazon.com/charger-laptop-computer-round-adapter/dp/b07tvhm47l/ref=zg_bs_g_pc_d_sccl_23/147-5900862-7338908?psc=1,#73,ostrich,charger for dell laptop computer 65w 45w round tip power adapter,1743.0,4.4,,,dell laptop charger 65w 45w,connectivity technology data not available,barrel connector,2019-07-03,0,0,0,0,0,0,-1,-1,-1,-1,-1,-1,-1,-1,-1,-1,-1,-1,-1,-1,-1,-1,-1,-1,-1
73,https://www.amazon.com/dell-original-inspiron-charger-7348-2in1/dp/b07r8m3vy5/ref=zg_bs_g_pc_d_sccl_24/147-5900862-7338908?psc=1,#74,dell,"new dell original laptop charger 65w watt 4.5mm tip ac power adapter(power supply) with power cord for inspiron 13 14 15,3000 5000 7000 series,5558 5755 3147 7348-2in1 5555 5559,0g6j41 0mgjn",3763.0,4.4,,,laptops,connector size: 4.5mm tip,barrel connector,2019-04-27,-1,-1,-1,1,-1,-1,-1,-1,-1,-1,-1,-1,-1,-1,1,-1,-1,-1,-1,-1,-1,-1,-1,-1,-1
74,https://www.amazon.com/universal-charger-t-charger-compatible-after/dp/b07s6cbqjg/ref=zg_bs_g_pc_d_sccl_25/147-5900862-7338908?psc=1,#75,sorsna,"mac book air charger,replacement for mac book air ac 45w power t-tip shape connector power adapter,charger for mac book air 11 inch and 13 inch（applicable to 2012-2017）",2585.0,4.5,,white,laptops,magnetic,t-tip,2019-06-11,-1,-1,-1,-1,-1,1,-1,-1,-1,1,-1,-1,-1,-1,1,-1,-1,-1,-1,-1,-1,-1,-1,-1,-1
75,https://www.amazon.com/chromebook-charger%ef%bc%8c45w-charger-samsung-computer/dp/b09jvxhfzf/ref=zg_bs_g_pc_d_sccl_26/147-5900862-7338908?psc=1,#76,style,chromebook charger 45w fast usb c laptop charger for hp spectre lenovo yoga thinkpad acer dell latitude asus samsung google pixel huawei matebook computer replacement fits any type c tablets & phones,1206.0,4.4,,black,"usb c chromebook charger, type c hp chromebook charger",usb,usb type c,2021-10-20,-1,-1,1,-1,-1,-1,-1,-1,1,-1,1,-1,-1,-1,1,-1,-1,-1,-1,-1,-1,1,-1,-1,-1
76,https://www.amazon.com/charger-laptop-computer-smart-adapter/dp/b086pt5298/ref=zg_bs_g_pc_d_sccl_27/147-5900862-7338908?psc=1,#77,ostrich,charger for hp laptop computer 65w 45w smart blue tip power adapter,1480.0,4.7,,,,connectivity technology data not available,4.5,2020-04-02,0,0,0,0,0,0,-1,-1,-1,-1,-1,-1,-1,-1,-1,-1,-1,-1,-1,-1,-1,-1,-1,-1,-1
77,https://www.amazon.com/amazon_fire_hd_10_kids_pro/dp/b0bl5c43sl/ref=zg_bs_g_pc_d_sccl_28/147-5900862-7338908?psc=1,#78,amazon,"all-new amazon fire hd 10 kids pro tablet- 2023, ages 6-12 | bright 10.1"" hd screen | slim case for older kids, ad-free content, parental controls, 13-hr battery, 32 gb, happy day",617.0,4.5,,,compatible devices data not available,connectivity technology data not available,connector type data not available,,0,0,0,0,0,0,-1,-1,-1,-1,-1,-1,-1,-1,-1,-1,-1,-1,-1,-1,-1,-1,-1,-1,-1
78,https://www.amazon.com/football-stickers-hydroflasks-waterproof-skateboard/dp/b0bgt3mffy/ref=zg_bs_g_pc_d_sccl_29/147-5900862-7338908?psc=1,#79,seagri&hlenx,"50 sheets football water bottle stickers, cute stickers for hydroflasks vsco sticker packs cute vinyl waterproof stickers for water bottles, skateboard phone laptop stickers for kids teens girls",322.0,,,,compatible devices data not available,connectivity technology data not available,connector type data not available,2022-09-29,0,0,0,0,0,0,-1,-1,-1,-1,-1,-1,-1,-1,-1,-1,-1,-1,-1,-1,-1,-1,-1,-1,-1
79,https://www.amazon.com/gl-inet-gl-sft1200-secure-travel-router/dp/b09n72fmh5/ref=zg_bs_g_pc_d_sccl_30/147-5900862-7338908?psc=1,#80,gl.inet,gl.inet gl-sft1200 (opal) secure travel wifi router – ac1200 dual band gigabit ethernet wireless internet | ipv6 usb 2.0 mu-mimo ddr3 |128mb ram repeater bridge access point mode,2020.0,4.3,38.3,,"gaming console, security camera, personal computer, tablet, smartphone","wi-fi, usb, ethernet",connector type data not available,2021-12-07,1,1,1,-1,-1,-1,-1,-1,-1,-1,-1,-1,-1,-1,1,1,1,-1,-1,1,-1,-1,-1,-1,-1
80,https://www.amazon.com/olansit-waterproof-skateboard-aesthetic-hydroflask/dp/b09npf2m3z/ref=zg_bs_g_pc_d_sccl_81/147-5900862-7338908?psc=1,#81,olansit,"olansit 200 pcs water bottle stickers for kids teens, cute vinyl waterproof laptop skateboard stickers, aesthetic car decals computer hydroflask stickers for adults teens kids girls (200 pcs)",1894.0,4.5,,,compatible devices data not available,connectivity technology data not available,connector type data not available,2021-12-16,0,0,0,0,0,0,-1,-1,-1,-1,-1,-1,-1,-1,-1,-1,-1,-1,-1,-1,-1,-1,-1,-1,-1
81,https://www.amazon.com/sorsna-replacement-connector-compatible-2012-2016/dp/b093gmx915/ref=zg_bs_g_pc_d_sccl_82/147-5900862-7338908?psc=1,#82,sorsna,"mac book pro charger, replacement for mac book pro/mac book air 60w ac 2 t connector power adapter,compatible with mac book pro/mac book air 11 inch and 13 inch（applicable to late 2012-2017）",303.0,4.4,,,laptops,connectivity technology data not available,t-tip,2021-04-27,0,0,0,0,0,0,-1,-1,-1,1,-1,-1,-1,-1,1,-1,-1,-1,-1,-1,-1,-1,-1,-1,-1
82,https://www.amazon.com/1000pcs-bottle-stickers-waterproof-sticker/dp/b0bvqwf1hx/ref=zg_bs_g_pc_d_sccl_83/147-5900862-7338908?psc=1,#83,ydoyn,"1000pcs water bottle stickers for kids, cute vinyl stickers adults, cool waterproof sticker bulk for teens boys, girls, bulk stickers for skateboard,toy, helmet, car, bicycle, laptop, phone case",272.0,4.5,,,compatible devices data not available,connectivity technology data not available,connector type data not available,2023-03-26,0,0,0,0,0,0,-1,-1,-1,-1,-1,-1,-1,-1,-1,-1,-1,-1,-1,-1,-1,-1,-1,-1,-1
83,https://www.amazon.com/tp-link-ac1900-smart-wifi-router/dp/b08c3ybbhm/ref=zg_bs_g_pc_d_sccl_84/147-5900862-7338908?psc=1,#84,tp-link,"tp-link ac1900 smart wifi router (archer a8) -high speed mu-mimo wireless router, dual band router for wireless internet, gigabit, supports guest wifi",79484.0,4.3,,,"gaming console, personal computer, smart television, smartphone","wi-fi, ethernet",connector type data not available,,1,1,-1,-1,-1,-1,-1,-1,-1,-1,-1,-1,-1,-1,1,1,-1,1,-1,1,-1,-1,-1,-1,-1
84,https://www.amazon.com/hp-micro-edge-microsoft-14-dq0040nr-snowflake/dp/b0947bj67m/ref=zg_bs_g_pc_d_sccl_85/147-5900862-7338908?psc=1,#85,hp,"hp 14 laptop, intel celeron n4020, 4 gb ram, 64 gb storage, 14-inch micro-edge hd display, windows 11 home, thin & portable, 4k graphics, one year of microsoft 365 (14-dq0040nr, 2021, snowflake white)",810.0,4.5,,white,compatible devices data not available,connectivity technology data not available,connector type data not available,2021-05-30,0,0,0,0,0,0,-1,-1,-1,-1,-1,-1,-1,-1,-1,-1,-1,-1,-1,-1,-1,-1,-1,-1,-1
85,https://www.amazon.com/charger-adapter-macbook-thunderbolt-indicator/dp/b0837n9lvf/ref=zg_bs_g_pc_d_sccl_86/147-5900862-7338908?psc=1,#86,ifeart,"96w usb c charger for macbook pro 16, 15, 14, 13 inch 2023, 2022, 2021, 2020, 2019, 2018, m1 m2 macbook air, ipad pro, usbc laptop power adapter, led, 6.6ft 5a cable charging as fast as magsafe 3",2746.0,4.5,,white,,usb,usb type c,2020-01-13,-1,-1,1,-1,-1,-1,-1,-1,1,-1,1,-1,-1,-1,-1,-1,-1,-1,-1,-1,-1,-1,-1,-1,-1
86,https://www.amazon.com/amazon-fire-kids-tablet-top-selling/dp/b0c8bzdjct/ref=zg_bs_g_pc_d_sccl_87/147-5900862-7338908?psc=1,#87,amazon,"amazon fire 7 kids tablet, ages 3-7. top-selling 7"" kids tablet on amazon - 2022 | 6-months of ad-free content with parental controls included, 10-hr battery, 16 gb, red",14431.0,4.5,,,compatible devices data not available,connectivity technology data not available,connector type data not available,,0,0,0,0,0,0,-1,-1,-1,-1,-1,-1,-1,-1,-1,-1,-1,-1,-1,-1,-1,-1,-1,-1,-1
87,https://www.amazon.com/netgear-nighthawk-6-stream-router-rax50/dp/b082x17b8p/ref=zg_bs_g_pc_d_sccl_88/147-5900862-7338908?psc=1,#88,netgear,"netgear nighthawk 6-stream ax5400 wifi 6 router (rax50) - ax5400 dual band wireless speed (up to 5.4 gbps) | 2,500 sq. ft. coverage",7713.0,4.3,,,"laptop, gaming console, smartphone","wi-fi, usb, ethernet",connector type data not available,2020-02-28,1,1,1,-1,-1,-1,-1,-1,-1,-1,-1,-1,-1,-1,1,-1,-1,-1,-1,1,-1,-1,-1,-1,-1
88,https://www.amazon.com/laptop-charger-elitebook-probook-supply/dp/b082x6tszx/ref=zg_bs_g_pc_d_sccl_89/147-5900862-7338908?psc=1,#89,ebk,65w laptop charger for hp elitebook 840 850 845 830 820 / probook 450 430 440 446 455 470 / 640 650 745 735 725 755 - power cord,2102.0,4.7,,,"for hp laptop charger,for hp pavilion charger, for hp charger for laptop, for hp computer charger",connectivity technology data not available,barrel connector,,0,0,0,0,0,0,-1,-1,-1,-1,-1,-1,-1,-1,-1,1,-1,-1,-1,-1,-1,-1,-1,-1,-1
89,https://www.amazon.com/surface-laptop-charger-microsoft-studio/dp/b0c23lh5d3/ref=zg_bs_g_pc_d_sccl_90/147-5900862-7338908?psc=1,#90,yodzgaco,"65w surface pro laptop charger for microsoft surface pro 9, 8, 7+, 7, 6, 5, 4, 3, x, surface laptop 5 studio 4 go 3 2, surface go 3 2 1, surface book and travel case",107.0,4.4,,,laptops,connectivity technology data not available,connector type data not available,2023-04-11,0,0,0,0,0,0,-1,-1,-1,-1,-1,-1,-1,-1,1,-1,-1,-1,-1,-1,-1,-1,-1,-1,-1
90,https://www.amazon.com/stickers-50-500pcs-colorful-waterproof-aesthetic/dp/b08518lvfd/ref=zg_bs_g_pc_d_sccl_91/147-5900862-7338908?psc=1,#91,otrainbow,"300 pcs stickers pack (50-850pcs/pack), colorful vsco waterproof stickers, cute aesthetic stickers. laptop, water bottle, phone, skateboard stickers for teens girls kids, vinyl sticker.",17042.0,4.5,,multicolor,compatible devices data not available,connectivity technology data not available,connector type data not available,2020-03-21,0,0,0,0,0,0,-1,-1,-1,-1,-1,-1,-1,-1,-1,-1,-1,-1,-1,-1,-1,-1,-1,-1,-1
91,https://www.amazon.com/introducing-amazon-eero-mesh-router/dp/b07wgj8zd3/ref=zg_bs_g_pc_d_sccl_92/147-5900862-7338908?psc=1,#92,brand data not available,amazon eero mesh wifi router,11770.0,4.3,,,compatible devices data not available,connectivity technology data not available,connector type data not available,,0,0,0,0,0,0,-1,-1,-1,-1,-1,-1,-1,-1,-1,-1,-1,-1,-1,-1,-1,-1,-1,-1,-1
92,https://www.amazon.com/waterproof-aesthetic-scrapbook-halloween-skateboard/dp/b0b6ftfj9r/ref=zg_bs_g_pc_d_sccl_93/147-5900862-7338908?psc=1,#93,apakkai,"apakkai stickers for kids, 600pcs water bottle stickers for teens, cute vinyl waterproof aesthetic scrapbook halloween stickers pack for laptop computer, kawaii animal stickers for boys girls adults",2113.0,4.5,,multicolor,compatible devices data not available,connectivity technology data not available,connector type data not available,,0,0,0,0,0,0,-1,-1,-1,-1,-1,-1,-1,-1,-1,-1,-1,-1,-1,-1,-1,-1,-1,-1,-1
93,https://www.amazon.com/apple-2023-macbook-laptop-chip/dp/b0c75nsljy/ref=zg_bs_g_pc_d_sccl_94/147-5900862-7338908?psc=1,#94,apple,"apple 2023 15.3-inch macbook air laptop with m2 chip, 8gb ram, 256gb ssd - midnight",1471.0,4.7,1.0,blue,compatible devices data not available,connectivity technology data not available,connector type data not available,,0,0,0,0,0,0,-1,-1,-1,-1,-1,-1,-1,-1,-1,-1,-1,-1,-1,-1,-1,-1,-1,-1,-1
94,https://www.amazon.com/docking-station-monitors-displayport-charging/dp/b0btd3x96n/ref=zg_bs_g_pc_d_sccl_95/147-5900862-7338908?psc=1,#95,selore&s-global,"usb c docking station dual hdmi monitor adapter, selore usb c hub 3 monitors adapter with dual hdmi, displayport, vga, 100w pd charging, 2usb a 2.0,usb c 2.0 ports adapter for dell xps,hp, lenovo,etc",7754.0,4.3,,,"projectors, monitors, laptops",connectivity technology data not available,connector type data not available,2023-01-30,0,0,0,0,0,0,-1,-1,-1,-1,-1,-1,-1,-1,1,-1,-1,-1,-1,-1,-1,-1,-1,-1,1
95,https://www.amazon.com/amazon_fire_hd_10_kids/dp/b0bl5tkdvg/ref=zg_bs_g_pc_d_sccl_96/147-5900862-7338908?psc=1,#96,amazon,"all-new amazon fire 10 hd kids tablet- 2023, ages 3-7 | bright 10.1"" hd screen with ad-free content and parental controls included, 13-hr battery, 32 gb, pink",602.0,4.5,,,compatible devices data not available,connectivity technology data not available,connector type data not available,,0,0,0,0,0,0,-1,-1,-1,-1,-1,-1,-1,-1,-1,-1,-1,-1,-1,-1,-1,-1,-1,-1,-1
96,https://www.amazon.com/anker-docking-powerexpand-charging-ethernet/dp/b088f7sy6s/ref=zg_bs_g_pc_d_sccl_97/147-5900862-7338908?psc=1,#97,anker,"anker docking station, anker 575 usb-c docking station (13-in-1), triple display, 4k hdmi, 10 gbps usb-c and 5 gbps usb-a data, 85w charging for laptop, 18w charging for phone, ethernet, audio, sd 3.0",1456.0,4.3,,,"usb a, usb c, hdmi, mac",connectivity technology data not available,connector type data not available,2020-05-10,0,0,0,0,0,0,-1,-1,-1,-1,-1,-1,-1,-1,1,-1,-1,-1,-1,-1,-1,1,-1,-1,-1
97,https://www.amazon.com/docking-station-monitor-multiple-ethernet/dp/b09wdch35n/ref=zg_bs_g_pc_d_sccl_98/147-5900862-7338908?psc=1,#98,abiwazy,"usb c docking station dual monitor for dell/hp/lenovo/surface laptop, 14 in 1 triple display hub multiple adapter, dongle with 2 hdmi 4k+vga+5 port+100w pd charger+ethernet+sd/tf+audio",3059.0,4.3,44.34,grey,,connectivity technology data not available,connector type data not available,2022-03-24,0,0,0,0,0,0,-1,-1,-1,-1,-1,-1,-1,-1,-1,-1,-1,-1,-1,-1,-1,-1,-1,-1,-1
98,https://www.amazon.com/liangstar-laptop-cooling-notebook-adjustable/dp/b096zkrbb2/ref=zg_bs_g_pc_d_sccl_99/147-5900862-7338908?psc=1,#99,liangstar,"liangstar laptop cooling pad, laptop cooler with 6 quiet fans for 12-17 inch notebook gaming fan stable stand, 7 height & wind speed adjustable, 2 usb port & phone holder (black)",1454.0,4.5,,black,compatible devices data not available,connectivity technology data not available,connector type data not available,2021-06-10,0,0,0,0,0,0,-1,-1,-1,-1,-1,-1,-1,-1,-1,-1,-1,-1,-1,-1,-1,-1,-1,-1,-1
99,https://www.amazon.com/arris-surfboard-gigabit-certified-xfinity/dp/b07m9j3xw2/ref=zg_bs_g_pc_d_sccl_100/147-5900862-7338908?psc=1,#100,arris,"arris surfboard sbg8300 docsis 3.1 gigabit cable modem & ac2350 wi-fi router , comcast xfinity, cox, spectrum & more , four 1 gbps ports , 1 gbps max internet speeds , 4 ofdm channels, black",4288.0,4.3,,,"iphone, tablet, cell phone, computer, streaming devices, smart tv, iot devices","wi-fi, ethernet",connector type data not available,,1,1,-1,-1,-1,-1,-1,-1,-1,-1,-1,-1,-1,-1,-1,1,-1,1,-1,-1,1,-1,-1,-1,-1
