,product url,ranking,brand,product name,number of ratings,star rating,price(in dollar),color,compatible devices,connectivity technology,connector type,date first available
0,https://www.amazon.com/All-new-Fire-HD-8-tablet/dp/B099Z8HLHT/ref=zg_bs_g_pc_d_sccl_1/147-5900862-7338908?psc=1,#1,Amazon,"Amazon Fire HD 8 tablet, 8” HD Display, 32 GB, 30% faster processor, designed for portable entertainment, (2022 release), Black","12,280",4.5,64.99,Color not available,Compatible devices data not available,Connectivity technology data not available,Connector type data not available,Date first available data not available
1,https://www.amazon.com/Mac-Book-Pro-Charger-Cable%EF%BC%887-2ft/dp/B0B1HJ666G/ref=zg_bs_g_pc_d_sccl_2/147-5900862-7338908?psc=1,#2,Sunveza,"Mac Book Pro Charger - 118W USB C Charger Fast Charger for USB C Port MacBook pro/Air, ipad Pro, Samsung Galaxy and All USB C Device, Include Charge Cable（7.2ft/2.2m）","2,926",4.6,Price data not available,118W MacBook Pro Charger-White,,USB,USB Type C," May 17, 2022 "
2,https://www.amazon.com/Amazon-Fire-Kids-tablet-Top-selling/dp/B0BLBLRLJB/ref=zg_bs_g_pc_d_sccl_3/147-5900862-7338908?psc=1,#3,Amazon,"Amazon Fire 7 Kids tablet, ages 3-7. Top-selling 7"" kids tablet on Amazon - 2022 | ad-free content with parental controls included, 10-hr battery, 16 GB, Blue","14,431",4.5,Price data not available,Color not available,Compatible devices data not available,Connectivity technology data not available,Connector type data not available,Date first available data not available
3,https://www.amazon.com/Charger-Computer-Pavilion-Elitebook-touchsmart/dp/B089T1SX32/ref=zg_bs_g_pc_d_sccl_4/147-5900862-7338908?psc=1,#4,HIBBO,Charger for HP Laptop Computer 65W 45W Smart Blue Tip Power Adapter,"2,389",4.7,Price data not available,Black,,Connectivity technology data not available,4.5 x 3.0mm Blue tip," June 8, 2020 "
4,https://www.amazon.com/WiFi-6-Router-Gigabit-Wireless/dp/B08H8ZLKKK/ref=zg_bs_g_pc_d_sccl_5/147-5900862-7338908?psc=1,#5,TP-Link,"TP-Link AX1800 WiFi 6 Router (Archer AX21) – Dual Band Wireless Internet Router, Gigabit Router, Easy Mesh, Works with Alexa - A Certified for Humans Device","17,268",4.3,Price data not available,Color not available,Laptop,"Wi-Fi, Ethernet",Connector type data not available," August 28, 2020 "
5,https://www.amazon.com/Amazon_Fire_HD_10/dp/B0BHZT5S12/ref=zg_bs_g_pc_d_sccl_6/147-5900862-7338908?psc=1,#6,Amazon,"All-new Amazon Fire HD 10 tablet, built for relaxation, 10.1"" vibrant Full HD screen, octa-core processor, 3 GB RAM, latest model (2023 release), 32 GB, Black","2,059",4.5,Price data not available,Color not available,Compatible devices data not available,Connectivity technology data not available,Connector type data not available,Date first available data not available
6,https://www.amazon.com/Amazon_Fire_HD_10/dp/B0BL5PYD69/ref=zg_bs_g_pc_d_sccl_7/147-5900862-7338908?psc=1,#7,Amazon,"All-new Amazon Fire HD 10 tablet, built for relaxation, 10.1"" vibrant Full HD screen, octa-core processor, 3 GB RAM, latest model (2023 release), 64 GB, Black","2,059",4.5,Price data not available,Color not available,Compatible devices data not available,Connectivity technology data not available,Connector type data not available,Date first available data not available
7,https://www.amazon.com/Charger-Adapter-Compatible-Thunderbolt-Foldable/dp/B08LVD89GV/ref=zg_bs_g_pc_d_sccl_8/147-5900862-7338908?psc=1,#8,IFEART,"Charger for MacBook Air MacBook Pro 13 14 15 16 inch 2023 2022 2021 2020 2019 2018, M1 M2 Laptop 67W USB C Power Adapter, iPad, LED, 6.6FT USB-C Cable Charging as Fast as MagSafe 3, Original Quality","2,679",4.4,Price data not available,white,,USB,USB Type C," November 19, 2020 "
8,https://www.amazon.com/Amazon-Fire-Kids-tablet-Top-selling/dp/B0BLGS645W/ref=zg_bs_g_pc_d_sccl_9/147-5900862-7338908?psc=1,#9,Amazon,"Amazon Fire HD 8 Kids tablet, ages 3-7. Top-selling 8"" kids tablet on Amazon - 2022 | ad-free content with parental controls included, 13-hr battery, 32 GB, Blue","5,936",,Price data not available,Color not available,Compatible devices data not available,Connectivity technology data not available,Connector type data not available,Date first available data not available
9,https://www.amazon.com/WiFi-6-Mesh-System-AX3000/dp/B09PRB1MZM/ref=zg_bs_g_pc_d_sccl_10/147-5900862-7338908?psc=1,#10,TP-Link,"TP-Link Deco AX3000 WiFi 6 Mesh System(Deco X55) - Covers up to 6500 Sq.Ft. , Replaces Wireless Router and Extender, 3 Gigabit ports per unit, supports Ethernet Backhaul (3-pack)","8,048",4.5,Price data not available,Color not available,"Smartphone, Personal Computer, Security Camera, Smart Television, Tablet, Printer, Gaming Console","Wi-Fi, Ethernet",Connector type data not available," January 31, 2022 "
10,https://www.amazon.com/Adapter-MacBook-USB-C-Reader-Thunderbolt/dp/B07Z4RF1D3/ref=zg_bs_g_pc_d_sccl_11/147-5900862-7338908?psc=1,#11,Selore&S-Global,"USB C Adapter for MacBook Pro/MacBook Air M1 M2 2021 2020 2019 2018 13"" 15"" 16"", 6 in 1 USB-C Hub MacBook Pro Accessories with 3 USB 3.0 Ports,USB C to SD/TF Card Reader and 100W Thunderbolt 3 PD Port","18,369",4.3,18.98,Space Grey,"13""/15"" /16"" MacBook Pro MacBook Air 2021/ 2020/2019/2018/2017/2016",Connectivity technology data not available,Connector type data not available," October 15, 2019 "
11,https://www.amazon.com/Surface-Charger-Microsoft-Windows-Support/dp/B0B4SBR4RN/ref=zg_bs_g_pc_d_sccl_12/147-5900862-7338908?psc=1,#12,MARSDOCK,"65W Laptop Charger for Microsoft Surface 9, 8, 7+, 7, 6, 5, 4, 3, X, Windows Surface Laptop 5, 4, 3, 2, 1 Studio, Surface Go Tablet, Surface Book 3, 2, 1, Support 44W, 36W, LED, 10FT","1,673",4.4,Price data not available,Black,"Tablets, Laptops, Cellular Phones",Connectivity technology data not available,MagSafe,"
                ‎June 22, 2022 "
12,https://www.amazon.com/Dell-USB-C-Laptop-Charger-Latitude/dp/B09GHV6G55/ref=zg_bs_g_pc_d_sccl_13/147-5900862-7338908?psc=1,#13,Dell,Dell 65W USB-C Laptop Charger for XPS and Latitude 5000 - Power Cord Included,856,4.4,Price data not available,Black,Dell Computers,USB,USB Type C,"
                ‎September 16, 2021 "
13,https://www.amazon.com/Amazon-Official-Site-Fire-HD-Kids-8-Pro-Tablet-8-inch-Display-2022-release/dp/B09BG6DSBY/ref=zg_bs_g_pc_d_sccl_14/147-5900862-7338908?psc=1,#14,Amazon,"Amazon Fire HD 8 Kids Pro tablet- 2022, ages 6-12 | 8"" HD screen, slim case for older kids, ad-free content, parental controls, 13-hr battery, 32 GB, Hello Teal","5,767",4.5,Price data not available,Color not available,Compatible devices data not available,Connectivity technology data not available,Connector type data not available,Date first available data not available
14,https://www.amazon.com/Multiple-Splitter-Laptop-Extender-Windows/dp/B0CN3F9Y1Z/ref=zg_bs_g_pc_d_sccl_15/147-5900862-7338908?psc=1,#15,acer,"Acer USB Hub 4 Ports, Multiple USB 3.0 Hub, USB A Splitter for Laptop with USB C Power Port, USB Extender for A Port Laptop, Windows, Linux, Acer PC and More",119,,Price data not available,Black,"USB Flash Drives, Tablets, Gaming Consoles, Laptops, Desktops",Connectivity technology data not available,Connector type data not available," November 10, 2023 "
15,https://www.amazon.com/Amazon-powerful-display-octa-core-processor/dp/B0B1VQ1ZQY/ref=zg_bs_g_pc_d_sccl_16/147-5900862-7338908?psc=1,#16,Amazon,"Amazon Fire Max 11 tablet, vivid 11” display, all-in-one for streaming, reading, and gaming, 14-hour battery life, optional stylus and keyboard, 64 GB, Gray","5,093",,158.39,Color not available,Compatible devices data not available,Connectivity technology data not available,Connector type data not available,Date first available data not available
16,https://www.amazon.com/Apple-MacBook-13-inch-256GB-Storage/dp/B08N5LNQCX/ref=zg_bs_g_pc_d_sccl_17/147-5900862-7338908?psc=1,#17,Apple,"Apple 2020 MacBook Air Laptop M1 Chip, 13” Retina Display, 8GB RAM, 256GB SSD Storage, Backlit Keyboard, FaceTime HD Camera, Touch ID. Works with iPhone/iPad; Space Gray","19,303",4.7,689.99,Space Gray,Compatible devices data not available,Connectivity technology data not available,Connector type data not available,Date first available data not available
17,https://www.amazon.com/Compatible-Chromebook-14-ca061dx-14-ca020nr-14-ca043cl/dp/B09MRY4PBS/ref=zg_bs_g_pc_d_sccl_18/147-5900862-7338908?psc=1,#18,NELEBUTO,"45W USB C Chromebook Charger Replacement Compatible with HP, Dell, Lenovo, Acer, Asus, Samsung, Google Type C Laptop Charger, Hp Chromebook X360 11 13 14 14A HP Spectre X360 13 Elite X2 Power Cord",578,4.3,Price data not available,45W,Laptops,USB,USB,"
                ‎November 30, 2021 "
18,https://www.amazon.com/Charger-Replacement-Connector-Adapter-2012-2017/dp/B08PKDLBZ3/ref=zg_bs_g_pc_d_sccl_19/147-5900862-7338908?psc=1,#19,SiliconV,Mac Book Air Charger Replacement for Mac Air AC 45W Power T-tip Shape Connector Power Adapter for 11 inch and 13 inch (Between 2012-2017),"4,644",4.4,Price data not available,White,samsung,t tip,t tip,"
                ‎December 3, 2020 "
19,https://www.amazon.com/Chromebook-14-ca051wm-14-ca052wm-14-ca091wm-14-ca0061dx/dp/B0B71BYJZ4/ref=zg_bs_g_pc_d_sccl_20/147-5900862-7338908?psc=1,#20,DECSZDY,45W USB-C Chromebook Charger for HP Chromebook X360 14 14-ca051wm 14-ca052wm 14-ca091wm ca061dx 14-ca0061dx 14-ca060nr 14-ca020nr 14-ca043cl USB C Power Supply Adapter,604,4.6,Price data not available,Color not available,Laptops,USB,USB," July 19, 2022 "
20,https://www.amazon.com/IdeaPad-Charger-Adapter-330s-14-330s-15/dp/B07V3JYVQH/ref=zg_bs_g_pc_d_sccl_21/147-5900862-7338908?psc=1,#21,Ostrich,"Charger for Lenovo Laptop Computer 65W 45W Round Tip Power Supply AC Adapter for Lenovo IdeaPad 330-14, 330-15, 330-17, 510-15, 330s-14, 330s-15 Lenovo Flex 6-14 Laptop Charger","6,581",4.4,Price data not available,Color not available,,Connectivity technology data not available,Barrel Connector," July 10, 2019 "
21,https://www.amazon.com/SightPro-Magnetic-Privacy-Anti-Glare-Protector/dp/B07WDDS8LX/ref=zg_bs_g_pc_d_sccl_22/147-5900862-7338908?psc=1,#22,SightPro,"SightPro Magnetic Privacy Screen for MacBook Pro 13 Inch (2016, 2017, 2018, 2019, 2020, 2021, 2022, M1, M2) Removable Laptop Privacy Filter Shield and Anti-Glare Protector","2,950",4.4,29.99,Color not available,Laptop,Connectivity technology data not available,Connector type data not available," September 23, 2019 "
22,https://www.amazon.com/SiliconV-Charger-Replacement-Magnetic-Connector/dp/B08JPHHV61/ref=zg_bs_g_pc_d_sccl_23/147-5900862-7338908?psc=1,#23,SiliconV,"Mac Book Pro Charger Replacement for Mac Pro 13-Inch 2012-2016 Retina Display Ac 60W 2 T Connector Power Adapter, Laptop Charger Compatible with Mac Air（Late 2012-2017）","3,772",4.4,Price data not available,Color not available,samsung,T-Tip,t tip,"
                ‎September 24, 2020 "
23,https://www.amazon.com/Amazon-Fire-Kids-tablet-Top-selling/dp/B0C8C2NZMQ/ref=zg_bs_g_pc_d_sccl_24/147-5900862-7338908?psc=1,#24,Amazon,"Amazon Fire 7 Kids tablet, ages 3-7. Top-selling 7"" kids tablet on Amazon - 2022 | 6-months of ad-free content with parental controls included, 10-hr battery, 16 GB, Blue","14,431",4.5,Price data not available,Color not available,Compatible devices data not available,Connectivity technology data not available,Connector type data not available,Date first available data not available
24,https://www.amazon.com/Fire-7-Tablet/dp/B096WKKK2K/ref=zg_bs_g_pc_d_sccl_25/147-5900862-7338908?psc=1,#25,Amazon,"Amazon Fire 7 tablet, 7” display, read and watch, under $60 with 10-hour battery life, (2022 release), 16 GB, Black","13,972",4.5,Price data not available,Color not available,Compatible devices data not available,Connectivity technology data not available,Connector type data not available,Date first available data not available
25,https://www.amazon.com/USB-C-Charger-Lenovo-Laptop-65W/dp/B07BKXMBHJ/ref=zg_bs_g_pc_d_sccl_26/147-5900862-7338908?psc=1,#26,Superer,"Charger for Lenovo Laptop, Thinkpad, Yoga, USB C, 65W 45W (UL Safety Certified)",990,4.4,Price data not available,Color not available,65W Lenovo Laptop Charger,USB,USB Type C," January 1, 2017 "
26,https://www.amazon.com/Dell-Display-Docking-Station-D3100/dp/B00O0M46KO/ref=zg_bs_g_pc_d_sccl_27/147-5900862-7338908?psc=1,#27,Dell,"Dell USB 3.0 Ultra HD/4K Triple Display Docking Station (D3100), Black","10,244",4.3,Price data not available,Black,Dell Notebooks/ Tablet PC,Connectivity technology data not available,Connector type data not available,"
                ‎September 30, 2014 "
27,https://www.amazon.com/IdeaPad-Laptop-Charger-Lenovo-Adapter/dp/B08X4M4LBR/ref=zg_bs_g_pc_d_sccl_28/147-5900862-7338908?psc=1,#28,Superer,"Charger for Lenovo Laptop Charger - 65W 45W, (UL Safety Certified)","3,243",4.4,Price data not available,Color not available,Lenovo Laptop Charger 65W,Wired,Round Power Connector,"
                ‎February 22, 2021 "
28,https://www.amazon.com/ARRIS-Surfboard-S33-Multi-Gigabit-Ethernet/dp/B08FMSC5WZ/ref=zg_bs_g_pc_d_sccl_29/147-5900862-7338908?psc=1,#29,ARRIS,"ARRIS Surfboard S33 DOCSIS 3.1 Multi-Gigabit Cable Modem | Approved for Comcast Xfinity, Cox, Spectrum & More | 1 & 2.5 Gbps Ports | 2.5 Gbps Max Internet Speeds | 4 OFDM Channels | 2 Year Warranty","3,131",,Price data not available,Color not available,"Personal Computer, Router, Ethernet connected devices",Ethernet,Connector type data not available," October 4, 2020 "
29,https://www.amazon.com/Apple-96W-USB-C-Power-Adapter/dp/B081FVQCHQ/ref=zg_bs_g_pc_d_sccl_30/147-5900862-7338908?psc=1,#30,Apple,Apple 96W USB-C Power Adapter,"2,034",,41.39,White,,USB,USB Type C,Date first available data not available
30,https://www.amazon.com/Mac-Book-Pro-Charger-Compatible/dp/B097PTBB5V/ref=zg_bs_g_pc_d_sccl_31/147-5900862-7338908?psc=1,#31,ixcv,"Mac Book Pro Charger - 118W USB C Charger Fast Charger Compatible with MacBook Pro/Air, iPad Pro, Samsung Galaxy, and More USB-C Devices(7.2 ft Cable Included)","7,773",4.6,Price data not available,118W MacBook Pro Charger-White,,USB,USB Type C," July 3, 2021 "
31,https://www.amazon.com/Eero-6-Extender/dp/B085VQVPJK/ref=zg_bs_g_pc_d_sccl_32/147-5900862-7338908?psc=1,#32,Brand data not available,Amazon eero 6 dual-band mesh Wi-Fi 6 extender - expands existing eero network,"5,230",,Price data not available,Color not available,Compatible devices data not available,Connectivity technology data not available,Connector type data not available,Date first available data not available
32,https://www.amazon.com/Aluminum-Extender-Splitter-MacBook-Devices/dp/B0C9D6PDMT/ref=zg_bs_g_pc_d_sccl_33/147-5900862-7338908?psc=1,#33,vienon,"VIENON Aluminum 7 in 1 USB C Hub with USB 3.0, USB 2.0 Ports for MacBook Pro Air and More Devices",319,4.6,Price data not available,Silver,"Mac Pro, iMac, iPad Pro, Chromebook, Pixelbook, Dell XPS, Samsung, and More PC, Laptop, Tablet",Connectivity technology data not available,Connector type data not available," June 26, 2023 "
33,https://www.amazon.com/NSPENCM-Charger-Replacement-Connector-Compatible/dp/B09BVKYWJ5/ref=zg_bs_g_pc_d_sccl_34/147-5900862-7338908?psc=1,#34,NSPENCM,"NSPENCM 85W Mac Book Pro Charger, Replacement AC 2T-Tip Connector Power Adapter,Laptop Charger Compatible with Mac Book Air 13 inch-15 inch Retina After Mid 2012","3,365",4.6,Price data not available,white,,Powerline,t-type,"
                ‎August 4, 2021 "
34,https://www.amazon.com/Apple-Desktop-Computer-10%E2%80%91core-Ethernet/dp/B0BSHGHGXR/ref=zg_bs_g_pc_d_sccl_35/147-5900862-7338908?psc=1,#35,Apple,"Apple 2023 Mac Mini Desktop Computer M2 chip with 8‑core CPU and 10‑core GPU, 8GB Unified Memory, 256GB SSD Storage, Gigabit Ethernet. Works with iPhone/iPad",663,4.7,502.04,Silver,Compatible devices data not available,Connectivity technology data not available,Connector type data not available,Date first available data not available
35,https://www.amazon.com/Universal-Laptop-Charger-laptops-Chargeable/dp/B09688VRYZ/ref=zg_bs_g_pc_d_sccl_36/147-5900862-7338908?psc=1,#36,SLE-TECH,"Universal Chromebook Charger USB C for Hp 65W 45W USB-C Laptop Charger,Replacement for Lenovo Thinkpad/Yoga,Dell Chromebook 3100,Latitude 5420,Asus,Samsung,Acer,Google Series Type C Power Cord","1,958",4.4,Price data not available,Black,"PC, Laptops",USB,USB Type C,"
                ‎May 31, 2021 "
36,https://www.amazon.com/Amazon_Fire_HD_10_Kids_Pro/dp/B0BL6DCNGR/ref=zg_bs_g_pc_d_sccl_37/147-5900862-7338908?psc=1,#37,Amazon,"All-new Amazon Fire HD 10 Kids Pro tablet- 2023, ages 6-12 | Bright 10.1"" HD screen | Slim case for older kids, ad-free content, parental controls, 13-hr battery, 32 GB, Nebula",617,4.5,Price data not available,Color not available,Compatible devices data not available,Connectivity technology data not available,Connector type data not available,Date first available data not available
37,https://www.amazon.com/Mac-Book-Pro-Charger-MacBook/dp/B09GFR7NSK/ref=zg_bs_g_pc_d_sccl_38/147-5900862-7338908?psc=1,#38,Furgor,"Mac Book Pro Charger - 118W USB C Charger Fast Charger for MacBook Air, iPad Pro, Samsung Galaxy and All USB-C Devices, 7.2ft USB C to C Cable","3,602",4.6,Price data not available,MacBook Pro Charger-White,,USB,USB Type C," September 16, 2021 "
38,https://www.amazon.com/Amazon-Fire-Kids-tablet-Top-selling/dp/B0C8BZ7QG7/ref=zg_bs_g_pc_d_sccl_39/147-5900862-7338908?psc=1,#39,Amazon,"Amazon Fire 7 Kids tablet, ages 3-7. Top-selling 7"" kids tablet on Amazon - 2022 | 6-months ad-free content with parental controls included, 10-hr battery, 16 GB, Purple","14,431",4.5,Price data not available,Color not available,Compatible devices data not available,Connectivity technology data not available,Connector type data not available,Date first available data not available
39,https://www.amazon.com/Motivational-Waterproof-Hydroflasks-Computers-Employees/dp/B091PPTZB6/ref=zg_bs_g_pc_d_sccl_40/147-5900862-7338908?psc=1,#40,YOMELA,"Quote Stickers, Positive Stickers 200Pcs Motivational Waterproof Vinyl Stickers for Water Bottle Hydroflasks Laptops Computers Phone for Women Adults Students Teachers Employees","1,894",4.6,Price data not available,Quote Stickers,Compatible devices data not available,Connectivity technology data not available,Connector type data not available," April 5, 2021 "
40,https://www.amazon.com/Amazon_Fire_HD_10/dp/B0BL5XPDR6/ref=zg_bs_g_pc_d_sccl_41/147-5900862-7338908?psc=1,#41,Amazon,"All-new Amazon Fire HD 10 tablet, built for relaxation, 10.1"" vibrant Full HD screen, octa-core processor, 3 GB RAM, latest model (2023 release), 32 GB, Ocean","2,059",4.5,Price data not available,Color not available,Compatible devices data not available,Connectivity technology data not available,Connector type data not available,Date first available data not available
41,https://www.amazon.com/Docking-Station-Monitor-1000Mbps-Multiport/dp/B0B1PT5FVM/ref=zg_bs_g_pc_d_sccl_42/147-5900862-7338908?psc=1,#42,Baseus,"Baseus Laptop Docking Station Dual Monitor 4K@120Hz, 9 in 1 USB C Hub with 2 HDMI, 1000Mbps LAN, 100W PD, 3 USB, SD Card Reader, USB C Dock Compatible with iPhone 15/Mac/Dell/HP/Surface/Steam Deck…","1,421",4.3,34.44,Grey,,Connectivity technology data not available,Connector type data not available," May 19, 2022 "
42,https://www.amazon.com/Replacement-ADLX65YDC2A-ADLX65YLC2D-ADLX65YDC3A-ADLX65YDC2D/dp/B08R67QLTM/ref=zg_bs_g_pc_d_sccl_43/147-5900862-7338908?psc=1,#43,Dzytnsy,USB-C 65W 45W AC Replacement Charger fit for Lenovo ThinkPad T480 T490 T580 ADLX65YDC2A ADLX65YLC2D ADLX65YDC3A ADLX65YDC2D chromebook 2nd Gen S330 65W Laptop Power Supply Adapter Cord,"1,146",4.4,20.59,Black,Laptops,USB,USB Type C,"
                ‎December 22, 2020 "
43,https://www.amazon.com/ARRIS-SURFboard-Approved-SB8200-Frustration/dp/B07DY16W2Z/ref=zg_bs_g_pc_d_sccl_44/147-5900862-7338908?psc=1,#44,ARRIS,"ARRIS SURFboard SB8200 DOCSIS 3.1 Cable Modem , Approved for Comcast Xfinity, Cox, Charter Spectrum, & more , Two 1 Gbps Ports , 1 Gbps Max Internet Speeds , 4 OFDM Channels","18,068",4.3,Price data not available,Color not available,Router,Ethernet,Connector type data not available,"
                ‎January 19, 2017 "
44,https://www.amazon.com/Amazon_Fire_HD_10_Kids/dp/B0BL5SZ3VV/ref=zg_bs_g_pc_d_sccl_45/147-5900862-7338908?psc=1,#45,Amazon,"All-new Amazon Fire 10 Kids tablet- 2023, ages 3-7 | Bright 10.1"" HD screen with ad-free content and parental controls included, 13-hr battery, 32 GB, Blue",602,4.5,Price data not available,Color not available,Compatible devices data not available,Connectivity technology data not available,Connector type data not available,Date first available data not available
45,https://www.amazon.com/HV-F2056-15-6-17-Laptop-Cooler-Cooling/dp/B00NNMB3KS/ref=zg_bs_g_pc_d_sccl_46/147-5900862-7338908?psc=1,#46,havit,"havit HV-F2056 15.6""-17"" Laptop Cooler Cooling Pad - Slim Portable USB Powered (3 Fans), Black/Blue","39,919",4.3,26.26,Black+Blue,Compatible devices data not available,Connectivity technology data not available,Connector type data not available," September 17, 2014 "
46,https://www.amazon.com/Amazon_Fire_HD_10/dp/B0BL5WZ6HF/ref=zg_bs_g_pc_d_sccl_47/147-5900862-7338908?psc=1,#47,Amazon,"All-new Amazon Fire HD 10 tablet, built for relaxation, 10.1"" vibrant Full HD screen, octa-core processor, 3 GB RAM, latest model (2023 release), 32 GB, Lilac","2,059",4.5,Price data not available,Color not available,Compatible devices data not available,Connectivity technology data not available,Connector type data not available,Date first available data not available
47,https://www.amazon.com/TP-Link-AC1200-Router-Archer-A54/dp/B09G5Y1HWZ/ref=zg_bs_g_pc_d_sccl_48/147-5900862-7338908?psc=1,#48,TP-Link,"TP-Link AC1200 WiFi Router (Archer A54) - Dual Band Wireless Internet Router, 4 x 10/100 Mbps Fast Ethernet Ports, Supports Guest WiFi, Access Point Mode, IPv6 and Parental Controls","10,817",4.3,Price data not available,Color not available,"Laptop, Gaming Console, Personal Computer, Tablet","Wi-Fi, Ethernet",Connector type data not available,"
                ‎September 29, 2021 "
48,https://www.amazon.com/TP-Link-Deco-Replacement-S4-3-Pack/dp/B084GTH5LL/ref=zg_bs_g_pc_d_sccl_49/147-5900862-7338908?psc=1,#49,TP-Link,"TP-Link Deco Mesh WiFi System (Deco S4) – Up to 5,500 Sq.ft. Coverage, Replaces WiFi Router and Extender, Gigabit Ports, Works with Alexa, 3-pack","26,951",4.3,Price data not available,Color not available,All WiFi Enabled devices,"Wi-Fi, Ethernet",Connector type data not available," February 21, 2020 "
49,https://www.amazon.com/Stickers-Aesthetic-Waterproof-Hydroflask-Skateboard/dp/B0BD2ZX7H6/ref=zg_bs_g_pc_d_sccl_50/147-5900862-7338908?psc=1,#50,Generic,"50 Cartoon Stickers Colorful Aesthetic VSCO Vinyl/PVC Waterproof Decals for Water Bottle, Hydroflask, Guitar, Luggage, Phone, Case, Laptop, Skateboard, Gift for Kids, Teens, Boys and Girls (Blue)",900,,Price data not available,Colorful,Compatible devices data not available,Connectivity technology data not available,Connector type data not available," September 5, 2022 "
50,https://www.amazon.com/Amazon_Fire_HD_10/dp/B0CD1C2WB1/ref=zg_bs_g_pc_d_sccl_1/147-5900862-7338908?psc=1,#51,Amazon,"All-new Amazon Fire HD 10 tablet, built for relaxation, 10.1"" vibrant Full HD screen, octa-core processor, 3 GB RAM, latest model (2023 release), 64 GB, Black, without lockscreen ads","2,059",4.5,119.99,Color not available,Compatible devices data not available,Connectivity technology data not available,Connector type data not available,Date first available data not available
51,https://www.amazon.com/tearplex-PD-96W-Charger/dp/B08RYXFQDT/ref=zg_bs_g_pc_d_sccl_2/147-5900862-7338908?psc=1,#52,tearplex,"Mac Book Pro Charger - 96W USB C Charger Fast Charger for USB C Port MacBook pro & MacBook Air, ipad Pro, Samsung Galaxy and All USB C Device, 6.6 ft USB C to USB C Cable Included","1,503",4.5,Price data not available,‎White-96W,,charger,USB Type C," January 4, 2021 "
52,https://www.amazon.com/Charger-Compatible-Laptop-Chromebook-Latitude/dp/B0BRKGYMV1/ref=zg_bs_g_pc_d_sccl_3/147-5900862-7338908?psc=1,#53,GKLSPL,"Universal Chromebook Charger USB C for Dell 65W 45W USB C Laptop Charger,Chromebook 3100,Latitude 5420,XPS Series,Asus,Samsung,Acer,Google Series Type C Power Cord",324,4.4,Price data not available,Black,,USB,USB Type C," August 22, 2023 "
53,https://www.amazon.com/Charger-Laptop-Computer-Power-Adapter/dp/B087CQCTP8/ref=zg_bs_g_pc_d_sccl_4/147-5900862-7338908?psc=1,#54,HIBBO,Charger for HP Laptop Computer 65W 45W USB C Fast Power Adapter,"2,365",4.7,Price data not available,USB-C,,USB,USB Type C," April 21, 2020 "
54,https://www.amazon.com/eero-reliable-gigabit-connect-Coverage/dp/B08ZK2BHP2/ref=zg_bs_g_pc_d_sccl_5/147-5900862-7338908?psc=1,#55,Brand data not available,"Amazon eero 6+ mesh Wi-Fi system | Fast and reliable gigabit speeds | connect 75+ devices | Coverage up to 4,500 sq. ft. | 3-pack, 2022 release","6,122",4.4,Price data not available,Color not available,Compatible devices data not available,Connectivity technology data not available,Connector type data not available,Date first available data not available
55,https://www.amazon.com/Charger-Replacement-Adapter-Charging-11-inch/dp/B0B38F3739/ref=zg_bs_g_pc_d_sccl_6/147-5900862-7338908?psc=1,#56,E-POWIND,"Mac Book Air Charger, Replacement AC 45W T-tip Power Adapter Laptop Charger for Mac Book Air 11-inch and 13-inch","1,555",4.5,Price data not available,PA-45W,Laptops,Connectivity technology data not available,6-Pin," June 6, 2022 "
56,https://www.amazon.com/Surface-Charger-Laptop-Microsoft-Studio/dp/B0C23WY7DM/ref=zg_bs_g_pc_d_sccl_7/147-5900862-7338908?psc=1,#57,YURCIPWE,"Surface Pro Charger 65W, Surface Laptop Charger for Microsoft Surface Pro 9/8/7+/7/6/5/4/3/X, Surface Laptop 5/4/3/2/1/Studio, Surface Book 2/1, Surface Go 3/2/1 with 8.8ft Power Cord",378,4.6,Price data not available,BLACK,Laptops,USB,USB," April 11, 2023 "
57,https://www.amazon.com/Charger-Supply-Adapter-Convertible-Ultrabook/dp/B01LXNLC7M/ref=zg_bs_g_pc_d_sccl_8/147-5900862-7338908?psc=1,#58,NICPOWER,"Charger for Lenovo Thinkpad, Laptop (UL Certified Safety), Yoga, 65W, 45W, USB C Fast Charger","3,045",4.4,14.28,black,Lenovo Laptop Charger 65W,USB,USB Type C," May 2, 2016 "
58,https://www.amazon.com/Charger-UX360C-UX330U-Notebook-Adapter/dp/B07VQGZLLG/ref=zg_bs_g_pc_d_sccl_9/147-5900862-7338908?psc=1,#59,Superer,"Laptop Charger for Asus, (UL Safety Certified), Round Connector, 65W, 45W, 33W","3,222",4.4,Price data not available,black,65W Asus Laptop Charger,Connectivity technology data not available,Round Power Connector," February 1, 2019 "
59,https://www.amazon.com/50-Waterproof-Stickers-Skateboard-Computer/dp/B0CJXF6YKX/ref=zg_bs_g_pc_d_sccl_10/147-5900862-7338908?psc=1,#60,Utqrohj,"50 pcs Cartoon Anime Waterproof Stickers for Skateboard Laptop Computer Water Bottles Vinyl Waterproof Cute Stickers,Teen Kid Child Student Stickers",129,,Price data not available,Blue,Compatible devices data not available,Connectivity technology data not available,Connector type data not available," September 27, 2023 "
60,https://www.amazon.com/HP-14-Laptop-Dual-Core-Processor/dp/B09VRX9YVW/ref=zg_bs_g_pc_d_sccl_11/147-5900862-7338908?psc=1,#61,HP,"HP Newest 14"" HD Laptop, Windows 11, Intel Celeron Dual-Core Processor Up to 2.60GHz, 4GB RAM, 64GB SSD, Webcam, Dale Pink(Renewed) (Dale Pink)","1,633",4.5,179.99,Dale Pink,Compatible devices data not available,Connectivity technology data not available,Connector type data not available," March 16, 2022 "
61,https://www.amazon.com/TP-Link-WiFi-AX3000-Smart-Router/dp/B09G5W9R6R/ref=zg_bs_g_pc_d_sccl_12/147-5900862-7338908?psc=1,#62,TP-Link,"TP-Link AX3000 WiFi 6 Router – 802.11ax Wireless, Gigabit, Dual Band Internet, VPN Router, OneMesh Compatible (Archer AX55)","5,827",4.3,Price data not available,Black,Router,Wi-Fi,Connector type data not available," October 11, 2021 "
62,https://www.amazon.com/A315-24P-R7VH-Display-Quad-Core-Processor-Graphics/dp/B0BS4BP8FB/ref=zg_bs_g_pc_d_sccl_13/147-5900862-7338908?psc=1,#63,acer,"Acer Aspire 3 A315-24P-R7VH Slim Laptop | 15.6"" Full HD IPS Display | AMD Ryzen 3 7320U Quad-Core Processor | AMD Radeon Graphics | 8GB LPDDR5 | 128GB NVMe SSD | Wi-Fi 6 | Windows 11 Home in S Mode","37,399",5.0,Price data not available,Silver,Compatible devices data not available,Connectivity technology data not available,Connector type data not available," January 31, 2023 "
63,https://www.amazon.com/15-f111dx-15-f211wm-15-f233wm-15-f278nr-15-r052nr/dp/B08ZSFS4J6/ref=zg_bs_g_pc_d_sccl_14/147-5900862-7338908?psc=1,#64,DONGNI,"65W 19.5V 3.33A Ac Adapter for HP Pavilion x360 11 13 15, Zbook 14u G4 G5 15u 15 G3, 15-f111dx 15-f211wm 15-f233wm 15-f278nr 15-r052nr 15-r132wm Power Supply Blue Tip","3,448",4.7,11.61,Black,,Connectivity technology data not available,4.5 x 3.0mm Blue tip,"
                ‎March 23, 2021 "
64,https://www.amazon.com/CAKOLINK-Aesthetic-Stickers-Waterproof-Computer/dp/B09NC734FV/ref=zg_bs_g_pc_d_sccl_15/147-5900862-7338908?psc=1,#65,CAKOLINK,"CAKOLINK Vintage Aesthetic Stickers 50 Pcs, Vinyl Waterproof Stickers for Water Bottles Laptop Phone Computer Guitar (1)","1,684",4.5,Price data not available,1,Compatible devices data not available,Connectivity technology data not available,Connector type data not available," December 10, 2021 "
65,https://www.amazon.com/15-f272wm-15-f387wm-15-f233wm-15-f222wm-15-f211wm/dp/B07H4GKHJ1/ref=zg_bs_g_pc_d_sccl_16/147-5900862-7338908?psc=1,#66,TSKYBEAR,45W 19.5V 2.31A Ac Adapter Laptop Charger for HP Pavilion x360 Charger 15-f272wm 15-f387wm 15-f233wm 15-f222wm 15-f211wm 15-f337wm 17-g121wm 17-g119dx Laptop Notebook Power Supply Cord Plug,"8,055",4.7,14.56,Black,"for hp pavilion charger, for hp charger for laptop, for hp computer charger, for hp laptop charger",Connectivity technology data not available,2-Pin," September 6, 2018 "
66,https://www.amazon.com/Charger-ThinkPad-Chromebook-100e-IdeaPad/dp/B088T52KZD/ref=zg_bs_g_pc_d_sccl_17/147-5900862-7338908?psc=1,#67,HIBBO,Charger for Lenovo Laptop Computer 65W 45W USB C Fast Power Adapter,"2,249",4.6,Price data not available,USB-C,"Lenovo chromebook charger, Lenovo laptop charger USB C, Laptops, Lenovo thinkpad charger",USB,USB Type C," May 19, 2020 "
67,https://www.amazon.com/Compatible-15-f111dx-15-f211wm-15-f233wm-15-f278nr/dp/B09W565TW2/ref=zg_bs_g_pc_d_sccl_18/147-5900862-7338908?psc=1,#68,ROAYEWEY,"45W 19.5V 2.31A for HP Laptop Charger Blue Tip, HP Pavilion x360 11 13 15, Zbook 14u G4 G5 15u 15 G3, 15-f111dx 15-f211wm 15-f233wm 15-f278nr 15-r052nr 15-r132wm with Power Cord","1,489",4.7,Price data not available,Black 45W,Laptops,Connectivity technology data not available,Barrel Connector," March 22, 2022 "
68,https://www.amazon.com/HP-Notebook-Touchscreen-i3-1115G4-Processor/dp/B0BZ8X9HGT/ref=zg_bs_g_pc_d_sccl_19/147-5900862-7338908?psc=1,#69,HP,"HP Notebook Laptop, 15.6"" HD Touchscreen, Intel Core i3-1115G4 Processor, 32GB RAM, 1TB PCIe SSD, Webcam, Type-C, HDMI, SD Card Reader, Wi-Fi, Windows 11 Home, Silver",526,4.5,Price data not available,Silver,Compatible devices data not available,Connectivity technology data not available,Connector type data not available," March 22, 2023 "
69,https://www.amazon.com/TP-Link-Tri-Band-Archer-AXE75-Wireless/dp/B0B3SQK74L/ref=zg_bs_g_pc_d_sccl_20/147-5900862-7338908?psc=1,#70,TP-Link,"TP-Link AXE5400 Tri-Band WiFi 6E Router (Archer AXE75)- Gigabit Wireless Internet, ax Router for Gaming, VPN Router, OneMesh, WPA3","1,642",4.3,Price data not available,Black,,"Wi-Fi, USB, Ethernet",Connector type data not available," June 16, 2022 "
70,https://www.amazon.com/eero-reliable-gigabit-connect-Coverage/dp/B091G64GVK/ref=zg_bs_g_pc_d_sccl_21/147-5900862-7338908?psc=1,#71,Brand data not available,"Amazon eero Pro 6E mesh Wi-Fi System | Fast and reliable gigabit + speeds | supports blazing fast gaming | Coverage up to 6,000 sq. ft. | 3-pack, 2022 release","3,954",4.3,Price data not available,Color not available,Compatible devices data not available,Connectivity technology data not available,Connector type data not available,Date first available data not available
71,https://www.amazon.com/QQUK-Stickers-Waterproof-Skateboard-Hypebeast/dp/B0C58GQ5LR/ref=zg_bs_g_pc_d_sccl_22/147-5900862-7338908?psc=1,#72,QQUK,QQUK 106pcs Random Stickers Pack Adults Teens Kids Waterproof Sticker Decals for Skateboard Helmet Laptop Bicycle Hypebeast Bomb Stickers,170,,Price data not available,106,Compatible devices data not available,Connectivity technology data not available,Connector type data not available," May 15, 2023 "
72,https://www.amazon.com/Charger-Laptop-Computer-Round-Adapter/dp/B07TVHM47L/ref=zg_bs_g_pc_d_sccl_23/147-5900862-7338908?psc=1,#73,Ostrich,Charger for Dell Laptop Computer 65W 45W Round Tip Power Adapter,"1,743",4.4,Price data not available,Dell 45W,dell laptop charger 65W 45W,Connectivity technology data not available,Barrel Connector," July 3, 2019 "
73,https://www.amazon.com/Dell-Original-Inspiron-Charger-7348-2in1/dp/B07R8M3VY5/ref=zg_bs_g_pc_d_sccl_24/147-5900862-7338908?psc=1,#74,Dell,"New Dell Original Laptop Charger 65W watt 4.5mm tip AC Power Adapter(Power Supply) with Power Cord for Inspiron 13 14 15,3000 5000 7000 Series,5558 5755 3147 7348-2in1 5555 5559,0G6j41 0MGJN","3,763",4.4,Price data not available,Color not available,Laptops,Connector Size: 4.5mm tip,Barrel Connector," April 27, 2019 "
74,https://www.amazon.com/Universal-Charger-T-Charger-Compatible-After/dp/B07S6CBQJG/ref=zg_bs_g_pc_d_sccl_25/147-5900862-7338908?psc=1,#75,SorsnA,"Mac Book air Charger,Replacement for Mac Book Air AC 45W Power T-Tip Shape Connector Power Adapter,Charger for Mac Book Air 11 inch and 13 inch（Applicable to 2012-2017）","2,585",4.5,Price data not available,white,Laptops,Magnetic,T-tip," June 11, 2019 "
75,https://www.amazon.com/Chromebook-Charger%EF%BC%8C45W-Charger-Samsung-Computer/dp/B09JVXHFZF/ref=zg_bs_g_pc_d_sccl_26/147-5900862-7338908?psc=1,#76,Style,Chromebook Charger 45W Fast USB C Laptop Charger for HP Spectre Lenovo Yoga Thinkpad Acer Dell Latitude Asus Samsung Google Pixel Huawei Matebook Computer Replacement Fits Any Type C Tablets & Phones,"1,206",4.4,Price data not available,Black,"USB C Chromebook Charger, Type C HP Chromebook Charger",USB,USB Type C," October 20, 2021 "
76,https://www.amazon.com/Charger-Laptop-Computer-Smart-Adapter/dp/B086PT5298/ref=zg_bs_g_pc_d_sccl_27/147-5900862-7338908?psc=1,#77,Ostrich,Charger for HP Laptop Computer 65W 45W Smart Blue Tip Power Adapter,"1,480",4.7,Price data not available,Color not available,,Connectivity technology data not available,4.5," April 2, 2020 "
77,https://www.amazon.com/Amazon_Fire_HD_10_Kids_Pro/dp/B0BL5C43SL/ref=zg_bs_g_pc_d_sccl_28/147-5900862-7338908?psc=1,#78,Amazon,"All-new Amazon Fire HD 10 Kids Pro tablet- 2023, ages 6-12 | Bright 10.1"" HD screen | Slim case for older kids, ad-free content, parental controls, 13-hr battery, 32 GB, Happy Day",617,4.5,Price data not available,Color not available,Compatible devices data not available,Connectivity technology data not available,Connector type data not available,Date first available data not available
78,https://www.amazon.com/Football-Stickers-Hydroflasks-Waterproof-Skateboard/dp/B0BGT3MFFY/ref=zg_bs_g_pc_d_sccl_29/147-5900862-7338908?psc=1,#79,Seagri&HlenX,"50 Sheets Football Water Bottle Stickers, Cute Stickers for Hydroflasks VSCO Sticker Packs Cute Vinyl Waterproof Stickers for Water Bottles, Skateboard Phone Laptop Stickers for Kids Teens Girls",322,,Price data not available,Tq50-0092 Kc Football,Compatible devices data not available,Connectivity technology data not available,Connector type data not available," September 29, 2022 "
79,https://www.amazon.com/GL-iNet-GL-SFT1200-Secure-Travel-Router/dp/B09N72FMH5/ref=zg_bs_g_pc_d_sccl_30/147-5900862-7338908?psc=1,#80,GL.iNet,GL.iNet GL-SFT1200 (Opal) Secure Travel WiFi Router – AC1200 Dual Band Gigabit Ethernet Wireless Internet | IPv6 USB 2.0 MU-MIMO DDR3 |128MB Ram Repeater Bridge Access Point Mode,"2,020",4.3,38.30,Opal,"Gaming Console, Security Camera, Personal Computer, Tablet, Smartphone","Wi-Fi, USB, Ethernet",Connector type data not available," December 7, 2021 "
80,https://www.amazon.com/Olansit-Waterproof-Skateboard-Aesthetic-Hydroflask/dp/B09NPF2M3Z/ref=zg_bs_g_pc_d_sccl_81/147-5900862-7338908?psc=1,#81,Olansit,"Olansit 200 PCS Water Bottle Stickers for Kids Teens, Cute Vinyl Waterproof Laptop Skateboard Stickers, Aesthetic Car Decals Computer Hydroflask Stickers for Adults Teens Kids Girls (200 pcs)","1,894",4.5,Price data not available,200 Pcs,Compatible devices data not available,Connectivity technology data not available,Connector type data not available," December 16, 2021 "
81,https://www.amazon.com/SorsnA-Replacement-Connector-Compatible-2012-2016/dp/B093GMX915/ref=zg_bs_g_pc_d_sccl_82/147-5900862-7338908?psc=1,#82,SorsnA,"Mac Book Pro Charger, Replacement for Mac Book Pro/Mac Book Air 60W AC 2 T Connector Power Adapter,Compatible with Mac Book Pro/Mac Book Air 11 inch and 13 inch（Applicable to Late 2012-2017）",303,4.4,Price data not available,Color not available,Laptops,Connectivity technology data not available,T-tip," April 27, 2021 "
82,https://www.amazon.com/1000pcs-Bottle-Stickers-Waterproof-Sticker/dp/B0BVQWF1HX/ref=zg_bs_g_pc_d_sccl_83/147-5900862-7338908?psc=1,#83,YDOYN,"1000Pcs Water Bottle Stickers for Kids, Cute Vinyl Stickers Adults, Cool Waterproof Sticker Bulk for Teens Boys, Girls, Bulk Stickers for Skateboard,Toy, Helmet, Car, Bicycle, Laptop, Phone Case",272,4.5,Price data not available,Color not available,Compatible devices data not available,Connectivity technology data not available,Connector type data not available," March 26, 2023 "
83,https://www.amazon.com/TP-Link-AC1900-Smart-Wifi-Router/dp/B08C3YBBHM/ref=zg_bs_g_pc_d_sccl_84/147-5900862-7338908?psc=1,#84,TP-Link,"TP-Link AC1900 Smart WiFi Router (Archer A8) -High Speed MU-MIMO Wireless Router, Dual Band Router for Wireless Internet, Gigabit, Supports Guest WiFi","79,484",4.3,Price data not available,Color not available,"Gaming Console, Personal Computer, Smart Television, Smartphone","Wi-Fi, Ethernet",Connector type data not available,"
                ‎July 2, 2020 "
84,https://www.amazon.com/HP-Micro-edge-Microsoft-14-dq0040nr-Snowflake/dp/B0947BJ67M/ref=zg_bs_g_pc_d_sccl_85/147-5900862-7338908?psc=1,#85,HP,"HP 14 Laptop, Intel Celeron N4020, 4 GB RAM, 64 GB Storage, 14-inch Micro-edge HD Display, Windows 11 Home, Thin & Portable, 4K Graphics, One Year of Microsoft 365 (14-dq0040nr, 2021, Snowflake White)",810,4.5,Price data not available,Snowflake White,Compatible devices data not available,Connectivity technology data not available,Connector type data not available," May 30, 2021 "
85,https://www.amazon.com/Charger-Adapter-MacBook-Thunderbolt-Indicator/dp/B0837N9LVF/ref=zg_bs_g_pc_d_sccl_86/147-5900862-7338908?psc=1,#86,IFEART,"96W USB C Charger for MacBook Pro 16, 15, 14, 13 inch 2023, 2022, 2021, 2020, 2019, 2018, M1 M2 MacBook Air, iPad Pro, USBC Laptop Power Adapter, LED, 6.6ft 5A Cable Charging as Fast as MagSafe 3","2,746",4.5,Price data not available,White,,USB,USB Type C," January 13, 2020 "
86,https://www.amazon.com/Amazon-Fire-Kids-tablet-Top-selling/dp/B0C8BZDJCT/ref=zg_bs_g_pc_d_sccl_87/147-5900862-7338908?psc=1,#87,Amazon,"Amazon Fire 7 Kids tablet, ages 3-7. Top-selling 7"" kids tablet on Amazon - 2022 | 6-months of ad-free content with parental controls included, 10-hr battery, 16 GB, Red","14,431",4.5,Price data not available,Color not available,Compatible devices data not available,Connectivity technology data not available,Connector type data not available,Date first available data not available
87,https://www.amazon.com/NETGEAR-Nighthawk-6-Stream-Router-RAX50/dp/B082X17B8P/ref=zg_bs_g_pc_d_sccl_88/147-5900862-7338908?psc=1,#88,NETGEAR,"NETGEAR Nighthawk 6-Stream AX5400 WiFi 6 Router (RAX50) - AX5400 Dual Band Wireless Speed (Up to 5.4 Gbps) | 2,500 sq. ft. Coverage","7,713",4.3,Price data not available,Color not available,"Laptop, Gaming Console, Smartphone","Wi-Fi, USB, Ethernet",Connector type data not available," February 28, 2020 "
88,https://www.amazon.com/Laptop-Charger-EliteBook-ProBook-Supply/dp/B082X6TSZX/ref=zg_bs_g_pc_d_sccl_89/147-5900862-7338908?psc=1,#89,EBK,65W Laptop Charger for HP EliteBook 840 850 845 830 820 / ProBook 450 430 440 446 455 470 / 640 650 745 735 725 755 - Power Cord,"2,102",4.7,Price data not available,Color not available,"for hp laptop charger,for hp pavilion charger, for hp charger for laptop, for hp computer charger",Connectivity technology data not available,Barrel Connector,"
                ‎December 19, 2019 "
89,https://www.amazon.com/Surface-Laptop-Charger-Microsoft-Studio/dp/B0C23LH5D3/ref=zg_bs_g_pc_d_sccl_90/147-5900862-7338908?psc=1,#90,Yodzgaco,"65W Surface Pro Laptop Charger for Microsoft Surface Pro 9, 8, 7+, 7, 6, 5, 4, 3, X, Surface Laptop 5 Studio 4 Go 3 2, Surface Go 3 2 1, Surface Book and Travel Case",107,4.4,Price data not available,Color not available,Laptops,Connectivity technology data not available,Connector type data not available," April 11, 2023 "
90,https://www.amazon.com/Stickers-50-500Pcs-Colorful-Waterproof-Aesthetic/dp/B08518LVFD/ref=zg_bs_g_pc_d_sccl_91/147-5900862-7338908?psc=1,#91,OtRainbow,"300 PCS Stickers Pack (50-850Pcs/Pack), Colorful VSCO Waterproof Stickers, Cute Aesthetic Stickers. Laptop, Water Bottle, Phone, Skateboard Stickers for Teens Girls Kids, Vinyl Sticker.","17,042",4.5,Price data not available,Multicolor,Compatible devices data not available,Connectivity technology data not available,Connector type data not available," March 21, 2020 "
91,https://www.amazon.com/Introducing-Amazon-eero-mesh-router/dp/B07WGJ8ZD3/ref=zg_bs_g_pc_d_sccl_92/147-5900862-7338908?psc=1,#92,Brand data not available,Amazon eero mesh WiFi router,"11,770",4.3,Price data not available,Color not available,Compatible devices data not available,Connectivity technology data not available,Connector type data not available,Date first available data not available
92,https://www.amazon.com/Waterproof-Aesthetic-Scrapbook-Halloween-Skateboard/dp/B0B6FTFJ9R/ref=zg_bs_g_pc_d_sccl_93/147-5900862-7338908?psc=1,#93,Apakkai,"Apakkai Stickers for Kids, 600Pcs Water Bottle Stickers for Teens, Cute Vinyl Waterproof Aesthetic Scrapbook Halloween Stickers Pack for Laptop Computer, Kawaii Animal Stickers for Boys Girls Adults","2,113",4.5,Price data not available,Animal Stickers,Compatible devices data not available,Connectivity technology data not available,Connector type data not available,Date first available data not available
93,https://www.amazon.com/Apple-2023-MacBook-Laptop-chip/dp/B0C75NSLJY/ref=zg_bs_g_pc_d_sccl_94/147-5900862-7338908?psc=1,#94,Apple,"Apple 2023 15.3-Inch MacBook Air Laptop with M2 Chip, 8GB RAM, 256GB SSD - Midnight","1,471",4.7,"1,011.08",Midnight,Compatible devices data not available,Connectivity technology data not available,Connector type data not available,Date first available data not available
94,https://www.amazon.com/Docking-Station-Monitors-Displayport-Charging/dp/B0BTD3X96N/ref=zg_bs_g_pc_d_sccl_95/147-5900862-7338908?psc=1,#95,Selore&S-Global,"USB C Docking Station Dual HDMI Monitor Adapter, Selore USB C Hub 3 Monitors Adapter with Dual HDMI, Displayport, VGA, 100W PD Charging, 2USB A 2.0,USB C 2.0 Ports Adapter for Dell XPS,HP, Lenovo,etc","7,754",4.3,Price data not available,Gray+PD,"Projectors, Monitors, Laptops",Connectivity technology data not available,Connector type data not available," January 30, 2023 "
95,https://www.amazon.com/Amazon_Fire_HD_10_Kids/dp/B0BL5TKDVG/ref=zg_bs_g_pc_d_sccl_96/147-5900862-7338908?psc=1,#96,Amazon,"All-new Amazon Fire 10 HD Kids tablet- 2023, ages 3-7 | Bright 10.1"" HD screen with ad-free content and parental controls included, 13-hr battery, 32 GB, Pink",602,4.5,Price data not available,Color not available,Compatible devices data not available,Connectivity technology data not available,Connector type data not available,Date first available data not available
96,https://www.amazon.com/Anker-Docking-PowerExpand-Charging-Ethernet/dp/B088F7SY6S/ref=zg_bs_g_pc_d_sccl_97/147-5900862-7338908?psc=1,#97,Anker,"Anker Docking Station, Anker 575 USB-C Docking Station (13-in-1), Triple Display, 4K HDMI, 10 Gbps USB-C and 5 Gbps USB-A Data, 85W Charging for Laptop, 18W Charging for Phone, Ethernet, Audio, SD 3.0","1,456",4.3,Price data not available,Gray,"USB A, USB C, HDMI, Mac",Connectivity technology data not available,Connector type data not available," May 10, 2020 "
97,https://www.amazon.com/Docking-Station-Monitor-Multiple-Ethernet/dp/B09WDCH35N/ref=zg_bs_g_pc_d_sccl_98/147-5900862-7338908?psc=1,#98,ABIWAZY,"USB C Docking Station Dual Monitor for Dell/HP/Lenovo/Surface Laptop, 14 in 1 Triple Display Hub Multiple Adapter, Dongle with 2 HDMI 4K+VGA+5 Port+100W PD Charger+Ethernet+SD/TF+Audio","3,059",4.3,44.34,Grey,,Connectivity technology data not available,Connector type data not available," March 24, 2022 "
98,https://www.amazon.com/LIANGSTAR-Laptop-Cooling-Notebook-Adjustable/dp/B096ZKRBB2/ref=zg_bs_g_pc_d_sccl_99/147-5900862-7338908?psc=1,#99,LIANGSTAR,"LIANGSTAR Laptop Cooling Pad, Laptop Cooler with 6 Quiet Fans for 12-17 Inch Notebook Gaming Fan Stable Stand, 7 Height & Wind Speed Adjustable, 2 USB Port & Phone Holder (Black)","1,454",4.5,Price data not available,Black,Compatible devices data not available,Connectivity technology data not available,Connector type data not available," June 10, 2021 "
99,https://www.amazon.com/ARRIS-Surfboard-Gigabit-Certified-Xfinity/dp/B07M9J3XW2/ref=zg_bs_g_pc_d_sccl_100/147-5900862-7338908?psc=1,#100,ARRIS,"ARRIS SURFboard SBG8300 DOCSIS 3.1 Gigabit Cable Modem & AC2350 Wi-Fi Router , Comcast Xfinity, Cox, Spectrum & more , Four 1 Gbps Ports , 1 Gbps Max Internet Speeds , 4 OFDM Channels, Black","4,288",4.3,Price data not available,Color not available,"iPhone, Tablet, cell phone, computer, streaming devices, smart TV, IOT devices","Wi-Fi, Ethernet",Connector type data not available,"
                ‎June 21, 2019 "
